Navn;Kodeverdi;Eier; Status;Oppdatert;Versjons ID;Beskrivelse;Gyldig fra;Gylig til; ID
0101;0101;Kartverket;Gyldig;29.11.2017;1;Halden;;;https://register.geonorge.no/subregister/sosi-kodelister/kartverket/kommunenummer-alle/kartverket/0101
0102;0102;Kartverket;Utgått;29.11.2017;1;Sarpsborg;09.08.1839 00:00:00;01.01.1992 00:00:00;https://register.geonorge.no/subregister/sosi-kodelister/kartverket/kommunenummer-alle/kartverket/0102
0103;0103;Kartverket;Utgått;29.11.2017;1;Fredrikstad;;;https://register.geonorge.no/subregister/sosi-kodelister/kartverket/kommunenummer-alle/kartverket/0103
0104;0104;Kartverket;Gyldig;29.11.2017;1;Moss;;;https://register.geonorge.no/subregister/sosi-kodelister/kartverket/kommunenummer-alle/kartverket/0104
0105;0105;Kartverket;Gyldig;29.11.2017;1;Sarpsborg;;;https://register.geonorge.no/subregister/sosi-kodelister/kartverket/kommunenummer-alle/kartverket/0105
0106;0106;Kartverket;Gyldig;29.11.2017;1;Fredrikstad;;;https://register.geonorge.no/subregister/sosi-kodelister/kartverket/kommunenummer-alle/kartverket/0106
0111;0111;Kartverket;Gyldig;29.11.2017;1;Hvaler;;;https://register.geonorge.no/subregister/sosi-kodelister/kartverket/kommunenummer-alle/kartverket/0111
0113;0113;Kartverket;Utgått;29.11.2017;1;Borge;;;https://register.geonorge.no/subregister/sosi-kodelister/kartverket/kommunenummer-alle/kartverket/0113
0114;0114;Kartverket;Utgått;29.11.2017;1;Varteig;;;https://register.geonorge.no/subregister/sosi-kodelister/kartverket/kommunenummer-alle/kartverket/0114
0115;0115;Kartverket;Utgått;29.11.2017;1;Skjeberg;;;https://register.geonorge.no/subregister/sosi-kodelister/kartverket/kommunenummer-alle/kartverket/0115
0118;0118;Kartverket;Gyldig;29.11.2017;1;Aremark;;;https://register.geonorge.no/subregister/sosi-kodelister/kartverket/kommunenummer-alle/kartverket/0118
0119;0119;Kartverket;Gyldig;29.11.2017;1;Marker;;;https://register.geonorge.no/subregister/sosi-kodelister/kartverket/kommunenummer-alle/kartverket/0119
0121;0121;Kartverket;Gyldig;29.11.2017;1;Rømskog;;;https://register.geonorge.no/subregister/sosi-kodelister/kartverket/kommunenummer-alle/kartverket/0121
0122;0122;Kartverket;Gyldig;29.11.2017;1;Trøgstad;;;https://register.geonorge.no/subregister/sosi-kodelister/kartverket/kommunenummer-alle/kartverket/0122
0123;0123;Kartverket;Gyldig;29.11.2017;1;Spydeberg;;;https://register.geonorge.no/subregister/sosi-kodelister/kartverket/kommunenummer-alle/kartverket/0123
0124;0124;Kartverket;Gyldig;29.11.2017;1;Askim;;;https://register.geonorge.no/subregister/sosi-kodelister/kartverket/kommunenummer-alle/kartverket/0124
0125;0125;Kartverket;Gyldig;29.11.2017;1;Eidsberg;;;https://register.geonorge.no/subregister/sosi-kodelister/kartverket/kommunenummer-alle/kartverket/0125
0127;0127;Kartverket;Gyldig;29.11.2017;1;Skiptvet;;;https://register.geonorge.no/subregister/sosi-kodelister/kartverket/kommunenummer-alle/kartverket/0127
0128;0128;Kartverket;Gyldig;29.11.2017;1;Rakkestad;;;https://register.geonorge.no/subregister/sosi-kodelister/kartverket/kommunenummer-alle/kartverket/0128
0130;0130;Kartverket;Utgått;29.11.2017;1;Tune;;;https://register.geonorge.no/subregister/sosi-kodelister/kartverket/kommunenummer-alle/kartverket/0130
0131;0131;Kartverket;Utgått;29.11.2017;1;Rolvsøy;;;https://register.geonorge.no/subregister/sosi-kodelister/kartverket/kommunenummer-alle/kartverket/0131
0133;0133;Kartverket;Utgått;29.11.2017;1;Kråkerøy;;;https://register.geonorge.no/subregister/sosi-kodelister/kartverket/kommunenummer-alle/kartverket/0133
0134;0134;Kartverket;Utgått;29.11.2017;1;Onsøy;;;https://register.geonorge.no/subregister/sosi-kodelister/kartverket/kommunenummer-alle/kartverket/0134
0135;0135;Kartverket;Gyldig;29.11.2017;1;Råde;;;https://register.geonorge.no/subregister/sosi-kodelister/kartverket/kommunenummer-alle/kartverket/0135
0136;0136;Kartverket;Gyldig;29.11.2017;1;Rygge;;;https://register.geonorge.no/subregister/sosi-kodelister/kartverket/kommunenummer-alle/kartverket/0136
0137;0137;Kartverket;Gyldig;29.11.2017;1;Våler i Østfold;;;https://register.geonorge.no/subregister/sosi-kodelister/kartverket/kommunenummer-alle/kartverket/0137
0138;0138;Kartverket;Gyldig;29.11.2017;1;Hobøl;;;https://register.geonorge.no/subregister/sosi-kodelister/kartverket/kommunenummer-alle/kartverket/0138
0211;0211;Kartverket;Gyldig;29.11.2017;1;Vestby;;;https://register.geonorge.no/subregister/sosi-kodelister/kartverket/kommunenummer-alle/kartverket/0211
0213;0213;Kartverket;Gyldig;29.11.2017;1;Ski;;;https://register.geonorge.no/subregister/sosi-kodelister/kartverket/kommunenummer-alle/kartverket/0213
0214;0214;Kartverket;Gyldig;29.11.2017;1;Ås;;;https://register.geonorge.no/subregister/sosi-kodelister/kartverket/kommunenummer-alle/kartverket/0214
0215;0215;Kartverket;Gyldig;29.11.2017;1;Frogn;;;https://register.geonorge.no/subregister/sosi-kodelister/kartverket/kommunenummer-alle/kartverket/0215
0216;0216;Kartverket;Gyldig;29.11.2017;1;Nesodden;;;https://register.geonorge.no/subregister/sosi-kodelister/kartverket/kommunenummer-alle/kartverket/0216
0217;0217;Kartverket;Gyldig;29.11.2017;1;Oppegård;;;https://register.geonorge.no/subregister/sosi-kodelister/kartverket/kommunenummer-alle/kartverket/0217
0219;0219;Kartverket;Gyldig;29.11.2017;1;Bærum;;;https://register.geonorge.no/subregister/sosi-kodelister/kartverket/kommunenummer-alle/kartverket/0219
0220;0220;Kartverket;Gyldig;29.11.2017;1;Asker;;;https://register.geonorge.no/subregister/sosi-kodelister/kartverket/kommunenummer-alle/kartverket/0220
0221;0221;Kartverket;Gyldig;29.11.2017;1;Aurskog-Høland;;;https://register.geonorge.no/subregister/sosi-kodelister/kartverket/kommunenummer-alle/kartverket/0221
0226;0226;Kartverket;Gyldig;29.11.2017;1;Sørum;;;https://register.geonorge.no/subregister/sosi-kodelister/kartverket/kommunenummer-alle/kartverket/0226
0227;0227;Kartverket;Gyldig;29.11.2017;1;Fet;;;https://register.geonorge.no/subregister/sosi-kodelister/kartverket/kommunenummer-alle/kartverket/0227
0228;0228;Kartverket;Gyldig;29.11.2017;1;Rælingen;;;https://register.geonorge.no/subregister/sosi-kodelister/kartverket/kommunenummer-alle/kartverket/0228
0229;0229;Kartverket;Gyldig;29.11.2017;1;Enebakk;;;https://register.geonorge.no/subregister/sosi-kodelister/kartverket/kommunenummer-alle/kartverket/0229
0230;0230;Kartverket;Gyldig;29.11.2017;1;Lørenskog;;;https://register.geonorge.no/subregister/sosi-kodelister/kartverket/kommunenummer-alle/kartverket/0230
0231;0231;Kartverket;Gyldig;29.11.2017;1;Skedsmo;;;https://register.geonorge.no/subregister/sosi-kodelister/kartverket/kommunenummer-alle/kartverket/0231
0233;0233;Kartverket;Gyldig;29.11.2017;1;Nittedal;;;https://register.geonorge.no/subregister/sosi-kodelister/kartverket/kommunenummer-alle/kartverket/0233
0234;0234;Kartverket;Gyldig;29.11.2017;1;Gjerdrum;;;https://register.geonorge.no/subregister/sosi-kodelister/kartverket/kommunenummer-alle/kartverket/0234
0235;0235;Kartverket;Gyldig;29.11.2017;1;Ullensaker;;;https://register.geonorge.no/subregister/sosi-kodelister/kartverket/kommunenummer-alle/kartverket/0235
0236;0236;Kartverket;Gyldig;29.11.2017;1;Nes i Akershus;;;https://register.geonorge.no/subregister/sosi-kodelister/kartverket/kommunenummer-alle/kartverket/0236
0237;0237;Kartverket;Gyldig;29.11.2017;1;Eidsvoll;;;https://register.geonorge.no/subregister/sosi-kodelister/kartverket/kommunenummer-alle/kartverket/0237
0238;0238;Kartverket;Gyldig;29.11.2017;1;Nannestad;;;https://register.geonorge.no/subregister/sosi-kodelister/kartverket/kommunenummer-alle/kartverket/0238
0239;0239;Kartverket;Gyldig;29.11.2017;1;Hurdal;;;https://register.geonorge.no/subregister/sosi-kodelister/kartverket/kommunenummer-alle/kartverket/0239
0301;0301;Kartverket;Gyldig;29.11.2017;1;Oslo;;;https://register.geonorge.no/subregister/sosi-kodelister/kartverket/kommunenummer-alle/kartverket/0301
0401;0401;Kartverket;Utgått;29.11.2017;1;Hamar;;;https://register.geonorge.no/subregister/sosi-kodelister/kartverket/kommunenummer-alle/kartverket/0401
0402;0402;Kartverket;Gyldig;29.11.2017;1;Kongsvinger;;;https://register.geonorge.no/subregister/sosi-kodelister/kartverket/kommunenummer-alle/kartverket/0402
0403;0403;Kartverket;Gyldig;29.11.2017;1;Hamar;;;https://register.geonorge.no/subregister/sosi-kodelister/kartverket/kommunenummer-alle/kartverket/0403
0412;0412;Kartverket;Gyldig;29.11.2017;1;Ringsaker;;;https://register.geonorge.no/subregister/sosi-kodelister/kartverket/kommunenummer-alle/kartverket/0412
0414;0414;Kartverket;Utgått;29.11.2017;1;Vang;;;https://register.geonorge.no/subregister/sosi-kodelister/kartverket/kommunenummer-alle/kartverket/0414
0415;0415;Kartverket;Gyldig;29.11.2017;1;Løten;;;https://register.geonorge.no/subregister/sosi-kodelister/kartverket/kommunenummer-alle/kartverket/0415
0417;0417;Kartverket;Gyldig;29.11.2017;1;Stange;;;https://register.geonorge.no/subregister/sosi-kodelister/kartverket/kommunenummer-alle/kartverket/0417
0418;0418;Kartverket;Gyldig;29.11.2017;1;Nord-Odal;;;https://register.geonorge.no/subregister/sosi-kodelister/kartverket/kommunenummer-alle/kartverket/0418
0419;0419;Kartverket;Gyldig;29.11.2017;1;Sør-Odal;;;https://register.geonorge.no/subregister/sosi-kodelister/kartverket/kommunenummer-alle/kartverket/0419
0420;0420;Kartverket;Gyldig;29.11.2017;1;Eidskog;;;https://register.geonorge.no/subregister/sosi-kodelister/kartverket/kommunenummer-alle/kartverket/0420
0423;0423;Kartverket;Gyldig;29.11.2017;1;Grue;;;https://register.geonorge.no/subregister/sosi-kodelister/kartverket/kommunenummer-alle/kartverket/0423
0425;0425;Kartverket;Gyldig;29.11.2017;1;Åsnes;;;https://register.geonorge.no/subregister/sosi-kodelister/kartverket/kommunenummer-alle/kartverket/0425
0426;0426;Kartverket;Gyldig;29.11.2017;1;Våler i Hedmark;;;https://register.geonorge.no/subregister/sosi-kodelister/kartverket/kommunenummer-alle/kartverket/0426
0427;0427;Kartverket;Gyldig;29.11.2017;1;Elverum;;;https://register.geonorge.no/subregister/sosi-kodelister/kartverket/kommunenummer-alle/kartverket/0427
0428;0428;Kartverket;Gyldig;29.11.2017;1;Trysil;;;https://register.geonorge.no/subregister/sosi-kodelister/kartverket/kommunenummer-alle/kartverket/0428
0429;0429;Kartverket;Gyldig;29.11.2017;1;Åmot;;;https://register.geonorge.no/subregister/sosi-kodelister/kartverket/kommunenummer-alle/kartverket/0429
0430;0430;Kartverket;Gyldig;29.11.2017;1;Stor-Elvdal;;;https://register.geonorge.no/subregister/sosi-kodelister/kartverket/kommunenummer-alle/kartverket/0430
0432;0432;Kartverket;Gyldig;29.11.2017;1;Rendalen;;;https://register.geonorge.no/subregister/sosi-kodelister/kartverket/kommunenummer-alle/kartverket/0432
0434;0434;Kartverket;Gyldig;29.11.2017;1;Engerdal;;;https://register.geonorge.no/subregister/sosi-kodelister/kartverket/kommunenummer-alle/kartverket/0434
0436;0436;Kartverket;Gyldig;29.11.2017;1;Tolga;;;https://register.geonorge.no/subregister/sosi-kodelister/kartverket/kommunenummer-alle/kartverket/0436
0437;0437;Kartverket;Gyldig;29.11.2017;1;Tynset;;;https://register.geonorge.no/subregister/sosi-kodelister/kartverket/kommunenummer-alle/kartverket/0437
0438;0438;Kartverket;Gyldig;29.11.2017;1;Alvdal;;;https://register.geonorge.no/subregister/sosi-kodelister/kartverket/kommunenummer-alle/kartverket/0438
0439;0439;Kartverket;Gyldig;29.11.2017;1;Folldal;;;https://register.geonorge.no/subregister/sosi-kodelister/kartverket/kommunenummer-alle/kartverket/0439
0441;0441;Kartverket;Gyldig;29.11.2017;1;Os i Hedmark;;;https://register.geonorge.no/subregister/sosi-kodelister/kartverket/kommunenummer-alle/kartverket/0441
0501;0501;Kartverket;Gyldig;29.11.2017;1;Lillehammer;;;https://register.geonorge.no/subregister/sosi-kodelister/kartverket/kommunenummer-alle/kartverket/0501
0502;0502;Kartverket;Gyldig;29.11.2017;1;Gjøvik;;;https://register.geonorge.no/subregister/sosi-kodelister/kartverket/kommunenummer-alle/kartverket/0502
0511;0511;Kartverket;Gyldig;29.11.2017;1;Dovre;;;https://register.geonorge.no/subregister/sosi-kodelister/kartverket/kommunenummer-alle/kartverket/0511
0512;0512;Kartverket;Gyldig;29.11.2017;1;Lesja;;;https://register.geonorge.no/subregister/sosi-kodelister/kartverket/kommunenummer-alle/kartverket/0512
0513;0513;Kartverket;Gyldig;29.11.2017;1;Skjåk;;;https://register.geonorge.no/subregister/sosi-kodelister/kartverket/kommunenummer-alle/kartverket/0513
0514;0514;Kartverket;Gyldig;29.11.2017;1;Lom;;;https://register.geonorge.no/subregister/sosi-kodelister/kartverket/kommunenummer-alle/kartverket/0514
0515;0515;Kartverket;Gyldig;29.11.2017;1;Vågå;;;https://register.geonorge.no/subregister/sosi-kodelister/kartverket/kommunenummer-alle/kartverket/0515
0516;0516;Kartverket;Gyldig;29.11.2017;1;Nord-Fron;;;https://register.geonorge.no/subregister/sosi-kodelister/kartverket/kommunenummer-alle/kartverket/0516
0517;0517;Kartverket;Gyldig;29.11.2017;1;Sel;;;https://register.geonorge.no/subregister/sosi-kodelister/kartverket/kommunenummer-alle/kartverket/0517
0519;0519;Kartverket;Gyldig;29.11.2017;1;Sør-Fron;;;https://register.geonorge.no/subregister/sosi-kodelister/kartverket/kommunenummer-alle/kartverket/0519
0520;0520;Kartverket;Gyldig;29.11.2017;1;Ringebu;;;https://register.geonorge.no/subregister/sosi-kodelister/kartverket/kommunenummer-alle/kartverket/0520
0521;0521;Kartverket;Gyldig;29.11.2017;1;Øyer;;;https://register.geonorge.no/subregister/sosi-kodelister/kartverket/kommunenummer-alle/kartverket/0521
0522;0522;Kartverket;Gyldig;29.11.2017;1;Gausdal;;;https://register.geonorge.no/subregister/sosi-kodelister/kartverket/kommunenummer-alle/kartverket/0522
0528;0528;Kartverket;Gyldig;29.11.2017;1;Østre Toten;;;https://register.geonorge.no/subregister/sosi-kodelister/kartverket/kommunenummer-alle/kartverket/0528
0529;0529;Kartverket;Gyldig;29.11.2017;1;Vestre Toten;;;https://register.geonorge.no/subregister/sosi-kodelister/kartverket/kommunenummer-alle/kartverket/0529
0532;0532;Kartverket;Gyldig;29.11.2017;1;Jevnaker;;;https://register.geonorge.no/subregister/sosi-kodelister/kartverket/kommunenummer-alle/kartverket/0532
0533;0533;Kartverket;Gyldig;29.11.2017;1;Lunner;;;https://register.geonorge.no/subregister/sosi-kodelister/kartverket/kommunenummer-alle/kartverket/0533
0534;0534;Kartverket;Gyldig;29.11.2017;1;Gran;;;https://register.geonorge.no/subregister/sosi-kodelister/kartverket/kommunenummer-alle/kartverket/0534
0536;0536;Kartverket;Gyldig;29.11.2017;1;Søndre Land;;;https://register.geonorge.no/subregister/sosi-kodelister/kartverket/kommunenummer-alle/kartverket/0536
0538;0538;Kartverket;Gyldig;29.11.2017;1;Nordre Land;;;https://register.geonorge.no/subregister/sosi-kodelister/kartverket/kommunenummer-alle/kartverket/0538
0540;0540;Kartverket;Gyldig;29.11.2017;1;Sør-Aurdal;;;https://register.geonorge.no/subregister/sosi-kodelister/kartverket/kommunenummer-alle/kartverket/0540
0541;0541;Kartverket;Gyldig;29.11.2017;1;Etnedal;;;https://register.geonorge.no/subregister/sosi-kodelister/kartverket/kommunenummer-alle/kartverket/0541
0542;0542;Kartverket;Gyldig;29.11.2017;1;Nord-Aurdal;;;https://register.geonorge.no/subregister/sosi-kodelister/kartverket/kommunenummer-alle/kartverket/0542
0543;0543;Kartverket;Gyldig;29.11.2017;1;Vestre Slidre;;;https://register.geonorge.no/subregister/sosi-kodelister/kartverket/kommunenummer-alle/kartverket/0543
0544;0544;Kartverket;Gyldig;29.11.2017;1;Øystre Slidre;;;https://register.geonorge.no/subregister/sosi-kodelister/kartverket/kommunenummer-alle/kartverket/0544
0545;0545;Kartverket;Gyldig;29.11.2017;1;Vang;;;https://register.geonorge.no/subregister/sosi-kodelister/kartverket/kommunenummer-alle/kartverket/0545
0602;0602;Kartverket;Gyldig;29.11.2017;1;Drammen;;;https://register.geonorge.no/subregister/sosi-kodelister/kartverket/kommunenummer-alle/kartverket/0602
0604;0604;Kartverket;Gyldig;29.11.2017;1;Kongsberg;;;https://register.geonorge.no/subregister/sosi-kodelister/kartverket/kommunenummer-alle/kartverket/0604
0605;0605;Kartverket;Gyldig;29.11.2017;1;Ringerike;;;https://register.geonorge.no/subregister/sosi-kodelister/kartverket/kommunenummer-alle/kartverket/0605
0612;0612;Kartverket;Gyldig;29.11.2017;1;Hole;;;https://register.geonorge.no/subregister/sosi-kodelister/kartverket/kommunenummer-alle/kartverket/0612
0615;0615;Kartverket;Gyldig;29.11.2017;1;Flå;;;https://register.geonorge.no/subregister/sosi-kodelister/kartverket/kommunenummer-alle/kartverket/0615
0616;0616;Kartverket;Gyldig;29.11.2017;1;Nes i Buskerud;;;https://register.geonorge.no/subregister/sosi-kodelister/kartverket/kommunenummer-alle/kartverket/0616
0617;0617;Kartverket;Gyldig;29.11.2017;1;Gol;;;https://register.geonorge.no/subregister/sosi-kodelister/kartverket/kommunenummer-alle/kartverket/0617
0618;0618;Kartverket;Gyldig;29.11.2017;1;Hemsedal;;;https://register.geonorge.no/subregister/sosi-kodelister/kartverket/kommunenummer-alle/kartverket/0618
0619;0619;Kartverket;Gyldig;29.11.2017;1;Ål;;;https://register.geonorge.no/subregister/sosi-kodelister/kartverket/kommunenummer-alle/kartverket/0619
0620;0620;Kartverket;Gyldig;29.11.2017;1;Hol;;;https://register.geonorge.no/subregister/sosi-kodelister/kartverket/kommunenummer-alle/kartverket/0620
0621;0621;Kartverket;Gyldig;29.11.2017;1;Sigdal;;;https://register.geonorge.no/subregister/sosi-kodelister/kartverket/kommunenummer-alle/kartverket/0621
0622;0622;Kartverket;Gyldig;29.11.2017;1;Krødsherad;;;https://register.geonorge.no/subregister/sosi-kodelister/kartverket/kommunenummer-alle/kartverket/0622
0623;0623;Kartverket;Gyldig;29.11.2017;1;Modum;;;https://register.geonorge.no/subregister/sosi-kodelister/kartverket/kommunenummer-alle/kartverket/0623
0624;0624;Kartverket;Gyldig;29.11.2017;1;Øvre Eiker;;;https://register.geonorge.no/subregister/sosi-kodelister/kartverket/kommunenummer-alle/kartverket/0624
0625;0625;Kartverket;Gyldig;29.11.2017;1;Nedre Eiker;;;https://register.geonorge.no/subregister/sosi-kodelister/kartverket/kommunenummer-alle/kartverket/0625
0626;0626;Kartverket;Gyldig;29.11.2017;1;Lier;;;https://register.geonorge.no/subregister/sosi-kodelister/kartverket/kommunenummer-alle/kartverket/0626
0627;0627;Kartverket;Gyldig;29.11.2017;1;Røyken;;;https://register.geonorge.no/subregister/sosi-kodelister/kartverket/kommunenummer-alle/kartverket/0627
0628;0628;Kartverket;Gyldig;29.11.2017;1;Hurum;;;https://register.geonorge.no/subregister/sosi-kodelister/kartverket/kommunenummer-alle/kartverket/0628
0631;0631;Kartverket;Gyldig;29.11.2017;1;Flesberg;;;https://register.geonorge.no/subregister/sosi-kodelister/kartverket/kommunenummer-alle/kartverket/0631
0632;0632;Kartverket;Gyldig;29.11.2017;1;Rollag;;;https://register.geonorge.no/subregister/sosi-kodelister/kartverket/kommunenummer-alle/kartverket/0632
0633;0633;Kartverket;Gyldig;29.11.2017;1;Nore og Uvdal;;;https://register.geonorge.no/subregister/sosi-kodelister/kartverket/kommunenummer-alle/kartverket/0633
0701;0701;Kartverket;Gyldig;29.11.2017;1;Horten;;;https://register.geonorge.no/subregister/sosi-kodelister/kartverket/kommunenummer-alle/kartverket/0701
0702;0702;Kartverket;Utgått;29.11.2017;1;Holmestrand;;01.01.2018 00:00:00;https://register.geonorge.no/subregister/sosi-kodelister/kartverket/kommunenummer-alle/kartverket/0702
0703;0703;Kartverket;Utgått;29.11.2017;1;Horten;;;https://register.geonorge.no/subregister/sosi-kodelister/kartverket/kommunenummer-alle/kartverket/0703
0704;0704;Kartverket;Gyldig;29.11.2017;1;Tønsberg;;;https://register.geonorge.no/subregister/sosi-kodelister/kartverket/kommunenummer-alle/kartverket/0704
0705;0705;Kartverket;Utgått;29.11.2017;1;Tønsberg;;;https://register.geonorge.no/subregister/sosi-kodelister/kartverket/kommunenummer-alle/kartverket/0705
0706;0706;Kartverket;Utgått;29.11.2017;1;Sandefjord;;;https://register.geonorge.no/subregister/sosi-kodelister/kartverket/kommunenummer-alle/kartverket/0706
0707;0707;Kartverket;Utgått;29.11.2017;1;Larvik;;;https://register.geonorge.no/subregister/sosi-kodelister/kartverket/kommunenummer-alle/kartverket/0707
0708;0708;Kartverket;Utgått;29.11.2017;1;Stavern;;;https://register.geonorge.no/subregister/sosi-kodelister/kartverket/kommunenummer-alle/kartverket/0708
0709;0709;Kartverket;Utgått;29.11.2017;1;Larvik;;01.01.2018 00:00:00;https://register.geonorge.no/subregister/sosi-kodelister/kartverket/kommunenummer-alle/kartverket/0709
0710;0710;Kartverket;Gyldig;29.11.2017;1;Sandefjord;;;https://register.geonorge.no/subregister/sosi-kodelister/kartverket/kommunenummer-alle/kartverket/0710
0711;0711;Kartverket;Gyldig;29.11.2017;1;Svelvik;;;https://register.geonorge.no/subregister/sosi-kodelister/kartverket/kommunenummer-alle/kartverket/0711
0712;0712;Kartverket;Gyldig;29.11.2017;1;Larvik;01.01.2018 00:00:00;;https://register.geonorge.no/subregister/sosi-kodelister/kartverket/kommunenummer-alle/kartverket/0712
0713;0713;Kartverket;Gyldig;29.11.2017;1;Sande i Vestfold;;;https://register.geonorge.no/subregister/sosi-kodelister/kartverket/kommunenummer-alle/kartverket/0713
0714;0714;Kartverket;Utgått;29.11.2017;1;Hof;;01.01.2018 00:00:00;https://register.geonorge.no/subregister/sosi-kodelister/kartverket/kommunenummer-alle/kartverket/0714
0715;0715;Kartverket;Gyldig;29.11.2017;1;Holmestrand;01.01.2018 00:00:00;;https://register.geonorge.no/subregister/sosi-kodelister/kartverket/kommunenummer-alle/kartverket/0715
0716;0716;Kartverket;Gyldig;29.11.2017;1;Re;;;https://register.geonorge.no/subregister/sosi-kodelister/kartverket/kommunenummer-alle/kartverket/0716
0717;0717;Kartverket;Utgått;29.11.2017;1;Borre;;;https://register.geonorge.no/subregister/sosi-kodelister/kartverket/kommunenummer-alle/kartverket/0717
0718;0718;Kartverket;Utgått;29.11.2017;1;Ramnes;;;https://register.geonorge.no/subregister/sosi-kodelister/kartverket/kommunenummer-alle/kartverket/0718
0719;0719;Kartverket;Utgått;29.11.2017;1;Andebu;;;https://register.geonorge.no/subregister/sosi-kodelister/kartverket/kommunenummer-alle/kartverket/0719
0720;0720;Kartverket;Utgått;29.11.2017;1;Stokke;;;https://register.geonorge.no/subregister/sosi-kodelister/kartverket/kommunenummer-alle/kartverket/0720
0721;0721;Kartverket;Utgått;29.11.2017;1;Sem;;;https://register.geonorge.no/subregister/sosi-kodelister/kartverket/kommunenummer-alle/kartverket/0721
0722;0722;Kartverket;Utgått;29.11.2017;1;Nøtterøy;;01.01.2018 00:00:00;https://register.geonorge.no/subregister/sosi-kodelister/kartverket/kommunenummer-alle/kartverket/0722
0723;0723;Kartverket;Utgått;29.11.2017;1;Tjøme;;01.01.2018 00:00:00;https://register.geonorge.no/subregister/sosi-kodelister/kartverket/kommunenummer-alle/kartverket/0723
0725;0725;Kartverket;Utgått;29.11.2017;1;Tjølling;;;https://register.geonorge.no/subregister/sosi-kodelister/kartverket/kommunenummer-alle/kartverket/0725
0726;0726;Kartverket;Utgått;29.11.2017;1;Brunlanes;;;https://register.geonorge.no/subregister/sosi-kodelister/kartverket/kommunenummer-alle/kartverket/0726
0727;0727;Kartverket;Utgått;29.11.2017;1;Hedrum;;;https://register.geonorge.no/subregister/sosi-kodelister/kartverket/kommunenummer-alle/kartverket/0727
0728;0728;Kartverket;Utgått;29.11.2017;1;Lardal;;01.01.2018 00:00:00;https://register.geonorge.no/subregister/sosi-kodelister/kartverket/kommunenummer-alle/kartverket/0728
0729;0729;Kartverket;Gyldig;29.11.2017;1;Færder;01.01.2018 00:00:00;;https://register.geonorge.no/subregister/sosi-kodelister/kartverket/kommunenummer-alle/kartverket/0729
0805;0805;Kartverket;Gyldig;29.11.2017;1;Porsgrunn;;;https://register.geonorge.no/subregister/sosi-kodelister/kartverket/kommunenummer-alle/kartverket/0805
0806;0806;Kartverket;Gyldig;29.11.2017;1;Skien;;;https://register.geonorge.no/subregister/sosi-kodelister/kartverket/kommunenummer-alle/kartverket/0806
0807;0807;Kartverket;Gyldig;29.11.2017;1;Notodden;;;https://register.geonorge.no/subregister/sosi-kodelister/kartverket/kommunenummer-alle/kartverket/0807
0811;0811;Kartverket;Gyldig;29.11.2017;1;Siljan;;;https://register.geonorge.no/subregister/sosi-kodelister/kartverket/kommunenummer-alle/kartverket/0811
0814;0814;Kartverket;Gyldig;29.11.2017;1;Bamble;;;https://register.geonorge.no/subregister/sosi-kodelister/kartverket/kommunenummer-alle/kartverket/0814
0815;0815;Kartverket;Gyldig;29.11.2017;1;Kragerø;;;https://register.geonorge.no/subregister/sosi-kodelister/kartverket/kommunenummer-alle/kartverket/0815
0817;0817;Kartverket;Gyldig;29.11.2017;1;Drangedal;;;https://register.geonorge.no/subregister/sosi-kodelister/kartverket/kommunenummer-alle/kartverket/0817
0819;0819;Kartverket;Gyldig;29.11.2017;1;Nome;;;https://register.geonorge.no/subregister/sosi-kodelister/kartverket/kommunenummer-alle/kartverket/0819
0821;0821;Kartverket;Gyldig;29.11.2017;1;Bø i Telemark;;;https://register.geonorge.no/subregister/sosi-kodelister/kartverket/kommunenummer-alle/kartverket/0821
0822;0822;Kartverket;Gyldig;29.11.2017;1;Sauherad;;;https://register.geonorge.no/subregister/sosi-kodelister/kartverket/kommunenummer-alle/kartverket/0822
0826;0826;Kartverket;Gyldig;29.11.2017;1;Tinn;;;https://register.geonorge.no/subregister/sosi-kodelister/kartverket/kommunenummer-alle/kartverket/0826
0827;0827;Kartverket;Gyldig;29.11.2017;1;Hjartdal;;;https://register.geonorge.no/subregister/sosi-kodelister/kartverket/kommunenummer-alle/kartverket/0827
0828;0828;Kartverket;Gyldig;29.11.2017;1;Seljord;;;https://register.geonorge.no/subregister/sosi-kodelister/kartverket/kommunenummer-alle/kartverket/0828
0829;0829;Kartverket;Gyldig;29.11.2017;1;Kviteseid;;;https://register.geonorge.no/subregister/sosi-kodelister/kartverket/kommunenummer-alle/kartverket/0829
0830;0830;Kartverket;Gyldig;29.11.2017;1;Nissedal;;;https://register.geonorge.no/subregister/sosi-kodelister/kartverket/kommunenummer-alle/kartverket/0830
0831;0831;Kartverket;Gyldig;29.11.2017;1;Fyresdal;;;https://register.geonorge.no/subregister/sosi-kodelister/kartverket/kommunenummer-alle/kartverket/0831
0833;0833;Kartverket;Gyldig;29.11.2017;1;Tokke;;;https://register.geonorge.no/subregister/sosi-kodelister/kartverket/kommunenummer-alle/kartverket/0833
0834;0834;Kartverket;Gyldig;29.11.2017;1;Vinje;;;https://register.geonorge.no/subregister/sosi-kodelister/kartverket/kommunenummer-alle/kartverket/0834
0901;0901;Kartverket;Gyldig;29.11.2017;1;Risør;;;https://register.geonorge.no/subregister/sosi-kodelister/kartverket/kommunenummer-alle/kartverket/0901
0903;0903;Kartverket;Utgått;29.11.2017;1;Arendal;;;https://register.geonorge.no/subregister/sosi-kodelister/kartverket/kommunenummer-alle/kartverket/0903
0904;0904;Kartverket;Gyldig;29.11.2017;1;Grimstad;;;https://register.geonorge.no/subregister/sosi-kodelister/kartverket/kommunenummer-alle/kartverket/0904
0906;0906;Kartverket;Gyldig;29.11.2017;1;Arendal;;;https://register.geonorge.no/subregister/sosi-kodelister/kartverket/kommunenummer-alle/kartverket/0906
0911;0911;Kartverket;Gyldig;29.11.2017;1;Gjerstad;;;https://register.geonorge.no/subregister/sosi-kodelister/kartverket/kommunenummer-alle/kartverket/0911
0912;0912;Kartverket;Gyldig;29.11.2017;1;Vegårshei;;;https://register.geonorge.no/subregister/sosi-kodelister/kartverket/kommunenummer-alle/kartverket/0912
0914;0914;Kartverket;Gyldig;29.11.2017;1;Tvedestrand;;;https://register.geonorge.no/subregister/sosi-kodelister/kartverket/kommunenummer-alle/kartverket/0914
0918;0918;Kartverket;Utgått;29.11.2017;1;Moland;;;https://register.geonorge.no/subregister/sosi-kodelister/kartverket/kommunenummer-alle/kartverket/0918
0919;0919;Kartverket;Gyldig;29.11.2017;1;Froland;;;https://register.geonorge.no/subregister/sosi-kodelister/kartverket/kommunenummer-alle/kartverket/0919
0920;0920;Kartverket;Utgått;29.11.2017;1;Øyestad;;;https://register.geonorge.no/subregister/sosi-kodelister/kartverket/kommunenummer-alle/kartverket/0920
0921;0921;Kartverket;Utgått;29.11.2017;1;Tromøy;;;https://register.geonorge.no/subregister/sosi-kodelister/kartverket/kommunenummer-alle/kartverket/0921
0922;0922;Kartverket;Utgått;29.11.2017;1;Hisøy;;;https://register.geonorge.no/subregister/sosi-kodelister/kartverket/kommunenummer-alle/kartverket/0922
0926;0926;Kartverket;Gyldig;29.11.2017;1;Lillesand;;;https://register.geonorge.no/subregister/sosi-kodelister/kartverket/kommunenummer-alle/kartverket/0926
0928;0928;Kartverket;Gyldig;29.11.2017;1;Birkenes;;;https://register.geonorge.no/subregister/sosi-kodelister/kartverket/kommunenummer-alle/kartverket/0928
0929;0929;Kartverket;Gyldig;29.11.2017;1;Åmli;;;https://register.geonorge.no/subregister/sosi-kodelister/kartverket/kommunenummer-alle/kartverket/0929
0935;0935;Kartverket;Gyldig;29.11.2017;1;Iveland;;;https://register.geonorge.no/subregister/sosi-kodelister/kartverket/kommunenummer-alle/kartverket/0935
0937;0937;Kartverket;Gyldig;29.11.2017;1;Evje og Hornnes;;;https://register.geonorge.no/subregister/sosi-kodelister/kartverket/kommunenummer-alle/kartverket/0937
0938;0938;Kartverket;Gyldig;29.11.2017;1;Bygland;;;https://register.geonorge.no/subregister/sosi-kodelister/kartverket/kommunenummer-alle/kartverket/0938
0940;0940;Kartverket;Gyldig;29.11.2017;1;Valle;;;https://register.geonorge.no/subregister/sosi-kodelister/kartverket/kommunenummer-alle/kartverket/0940
0941;0941;Kartverket;Gyldig;29.11.2017;1;Bykle;;;https://register.geonorge.no/subregister/sosi-kodelister/kartverket/kommunenummer-alle/kartverket/0941
1001;1001;Kartverket;Gyldig;29.11.2017;1;Kristiansand;;;https://register.geonorge.no/subregister/sosi-kodelister/kartverket/kommunenummer-alle/kartverket/1001
1002;1002;Kartverket;Gyldig;29.11.2017;1;Mandal;;;https://register.geonorge.no/subregister/sosi-kodelister/kartverket/kommunenummer-alle/kartverket/1002
1003;1003;Kartverket;Gyldig;29.11.2017;1;Farsund;;;https://register.geonorge.no/subregister/sosi-kodelister/kartverket/kommunenummer-alle/kartverket/1003
1004;1004;Kartverket;Gyldig;29.11.2017;1;Flekkefjord;;;https://register.geonorge.no/subregister/sosi-kodelister/kartverket/kommunenummer-alle/kartverket/1004
1014;1014;Kartverket;Gyldig;29.11.2017;1;Vennesla;;;https://register.geonorge.no/subregister/sosi-kodelister/kartverket/kommunenummer-alle/kartverket/1014
1017;1017;Kartverket;Gyldig;29.11.2017;1;Songdalen;;;https://register.geonorge.no/subregister/sosi-kodelister/kartverket/kommunenummer-alle/kartverket/1017
1018;1018;Kartverket;Gyldig;29.11.2017;1;Søgne;;;https://register.geonorge.no/subregister/sosi-kodelister/kartverket/kommunenummer-alle/kartverket/1018
1021;1021;Kartverket;Gyldig;29.11.2017;1;Marnardal;;;https://register.geonorge.no/subregister/sosi-kodelister/kartverket/kommunenummer-alle/kartverket/1021
1026;1026;Kartverket;Gyldig;29.11.2017;1;Åseral;;;https://register.geonorge.no/subregister/sosi-kodelister/kartverket/kommunenummer-alle/kartverket/1026
1027;1027;Kartverket;Gyldig;29.11.2017;1;Audnedal;;;https://register.geonorge.no/subregister/sosi-kodelister/kartverket/kommunenummer-alle/kartverket/1027
1029;1029;Kartverket;Gyldig;29.11.2017;1;Lindesnes;;;https://register.geonorge.no/subregister/sosi-kodelister/kartverket/kommunenummer-alle/kartverket/1029
1032;1032;Kartverket;Gyldig;29.11.2017;1;Lyngdal;;;https://register.geonorge.no/subregister/sosi-kodelister/kartverket/kommunenummer-alle/kartverket/1032
1034;1034;Kartverket;Gyldig;29.11.2017;1;Hægebostad;;;https://register.geonorge.no/subregister/sosi-kodelister/kartverket/kommunenummer-alle/kartverket/1034
1037;1037;Kartverket;Gyldig;29.11.2017;1;Kvinesdal;;;https://register.geonorge.no/subregister/sosi-kodelister/kartverket/kommunenummer-alle/kartverket/1037
1046;1046;Kartverket;Gyldig;29.11.2017;1;Sirdal;;;https://register.geonorge.no/subregister/sosi-kodelister/kartverket/kommunenummer-alle/kartverket/1046
1101;1101;Kartverket;Gyldig;29.11.2017;1;Eigersund;;;https://register.geonorge.no/subregister/sosi-kodelister/kartverket/kommunenummer-alle/kartverket/1101
1102;1102;Kartverket;Gyldig;29.11.2017;1;Sandnes;;;https://register.geonorge.no/subregister/sosi-kodelister/kartverket/kommunenummer-alle/kartverket/1102
1103;1103;Kartverket;Gyldig;29.11.2017;1;Stavanger;;;https://register.geonorge.no/subregister/sosi-kodelister/kartverket/kommunenummer-alle/kartverket/1103
1106;1106;Kartverket;Gyldig;29.11.2017;1;Haugesund;;;https://register.geonorge.no/subregister/sosi-kodelister/kartverket/kommunenummer-alle/kartverket/1106
1111;1111;Kartverket;Gyldig;29.11.2017;1;Sokndal;;;https://register.geonorge.no/subregister/sosi-kodelister/kartverket/kommunenummer-alle/kartverket/1111
1112;1112;Kartverket;Gyldig;29.11.2017;1;Lund;;;https://register.geonorge.no/subregister/sosi-kodelister/kartverket/kommunenummer-alle/kartverket/1112
1114;1114;Kartverket;Gyldig;29.11.2017;1;Bjerkreim;;;https://register.geonorge.no/subregister/sosi-kodelister/kartverket/kommunenummer-alle/kartverket/1114
1119;1119;Kartverket;Gyldig;29.11.2017;1;Hå;;;https://register.geonorge.no/subregister/sosi-kodelister/kartverket/kommunenummer-alle/kartverket/1119
1120;1120;Kartverket;Gyldig;29.11.2017;1;Klepp;;;https://register.geonorge.no/subregister/sosi-kodelister/kartverket/kommunenummer-alle/kartverket/1120
1121;1121;Kartverket;Gyldig;29.11.2017;1;Time;;;https://register.geonorge.no/subregister/sosi-kodelister/kartverket/kommunenummer-alle/kartverket/1121
1122;1122;Kartverket;Gyldig;29.11.2017;1;Gjesdal;;;https://register.geonorge.no/subregister/sosi-kodelister/kartverket/kommunenummer-alle/kartverket/1122
1124;1124;Kartverket;Gyldig;29.11.2017;1;Sola;;;https://register.geonorge.no/subregister/sosi-kodelister/kartverket/kommunenummer-alle/kartverket/1124
1127;1127;Kartverket;Gyldig;29.11.2017;1;Randaberg;;;https://register.geonorge.no/subregister/sosi-kodelister/kartverket/kommunenummer-alle/kartverket/1127
1129;1129;Kartverket;Gyldig;29.11.2017;1;Forsand;;;https://register.geonorge.no/subregister/sosi-kodelister/kartverket/kommunenummer-alle/kartverket/1129
1130;1130;Kartverket;Gyldig;29.11.2017;1;Strand;;;https://register.geonorge.no/subregister/sosi-kodelister/kartverket/kommunenummer-alle/kartverket/1130
1133;1133;Kartverket;Gyldig;29.11.2017;1;Hjelmeland;;;https://register.geonorge.no/subregister/sosi-kodelister/kartverket/kommunenummer-alle/kartverket/1133
1134;1134;Kartverket;Gyldig;29.11.2017;1;Suldal;;;https://register.geonorge.no/subregister/sosi-kodelister/kartverket/kommunenummer-alle/kartverket/1134
1135;1135;Kartverket;Gyldig;29.11.2017;1;Sauda;;;https://register.geonorge.no/subregister/sosi-kodelister/kartverket/kommunenummer-alle/kartverket/1135
1141;1141;Kartverket;Gyldig;29.11.2017;1;Finnøy;;;https://register.geonorge.no/subregister/sosi-kodelister/kartverket/kommunenummer-alle/kartverket/1141
1142;1142;Kartverket;Gyldig;29.11.2017;1;Rennesøy;;;https://register.geonorge.no/subregister/sosi-kodelister/kartverket/kommunenummer-alle/kartverket/1142
1144;1144;Kartverket;Gyldig;29.11.2017;1;Kvitsøy;;;https://register.geonorge.no/subregister/sosi-kodelister/kartverket/kommunenummer-alle/kartverket/1144
1145;1145;Kartverket;Gyldig;29.11.2017;1;Bokn;;;https://register.geonorge.no/subregister/sosi-kodelister/kartverket/kommunenummer-alle/kartverket/1145
1146;1146;Kartverket;Gyldig;29.11.2017;1;Tysvær;;;https://register.geonorge.no/subregister/sosi-kodelister/kartverket/kommunenummer-alle/kartverket/1146
1149;1149;Kartverket;Gyldig;29.11.2017;1;Karmøy;;;https://register.geonorge.no/subregister/sosi-kodelister/kartverket/kommunenummer-alle/kartverket/1149
1151;1151;Kartverket;Gyldig;29.11.2017;1;Utsira;;;https://register.geonorge.no/subregister/sosi-kodelister/kartverket/kommunenummer-alle/kartverket/1151
1154;1154;Kartverket;Utgått;29.11.2017;1;Vindafjord;;;https://register.geonorge.no/subregister/sosi-kodelister/kartverket/kommunenummer-alle/kartverket/1154
1159;1159;Kartverket;Utgått;29.11.2017;1;Ølen;;;https://register.geonorge.no/subregister/sosi-kodelister/kartverket/kommunenummer-alle/kartverket/1159
1160;1160;Kartverket;Gyldig;29.11.2017;1;Vindafjord;;;https://register.geonorge.no/subregister/sosi-kodelister/kartverket/kommunenummer-alle/kartverket/1160
1201;1201;Kartverket;Gyldig;29.11.2017;1;Bergen;;;https://register.geonorge.no/subregister/sosi-kodelister/kartverket/kommunenummer-alle/kartverket/1201
1211;1211;Kartverket;Gyldig;29.11.2017;1;Etne;;;https://register.geonorge.no/subregister/sosi-kodelister/kartverket/kommunenummer-alle/kartverket/1211
1214;1214;Kartverket;Utgått;29.11.2017;1;Ølen;;;https://register.geonorge.no/subregister/sosi-kodelister/kartverket/kommunenummer-alle/kartverket/1214
1216;1216;Kartverket;Gyldig;29.11.2017;1;Sveio;;;https://register.geonorge.no/subregister/sosi-kodelister/kartverket/kommunenummer-alle/kartverket/1216
1219;1219;Kartverket;Gyldig;29.11.2017;1;Bømlo;;;https://register.geonorge.no/subregister/sosi-kodelister/kartverket/kommunenummer-alle/kartverket/1219
1221;1221;Kartverket;Gyldig;29.11.2017;1;Stord;;;https://register.geonorge.no/subregister/sosi-kodelister/kartverket/kommunenummer-alle/kartverket/1221
1222;1222;Kartverket;Gyldig;29.11.2017;1;Fitjar;;;https://register.geonorge.no/subregister/sosi-kodelister/kartverket/kommunenummer-alle/kartverket/1222
1223;1223;Kartverket;Gyldig;29.11.2017;1;Tysnes;;;https://register.geonorge.no/subregister/sosi-kodelister/kartverket/kommunenummer-alle/kartverket/1223
1224;1224;Kartverket;Gyldig;29.11.2017;1;Kvinnherad;;;https://register.geonorge.no/subregister/sosi-kodelister/kartverket/kommunenummer-alle/kartverket/1224
1227;1227;Kartverket;Gyldig;29.11.2017;1;Jondal;;;https://register.geonorge.no/subregister/sosi-kodelister/kartverket/kommunenummer-alle/kartverket/1227
1228;1228;Kartverket;Gyldig;29.11.2017;1;Odda;;;https://register.geonorge.no/subregister/sosi-kodelister/kartverket/kommunenummer-alle/kartverket/1228
1231;1231;Kartverket;Gyldig;29.11.2017;1;Ullensvang;;;https://register.geonorge.no/subregister/sosi-kodelister/kartverket/kommunenummer-alle/kartverket/1231
1232;1232;Kartverket;Gyldig;29.11.2017;1;Eidfjord;;;https://register.geonorge.no/subregister/sosi-kodelister/kartverket/kommunenummer-alle/kartverket/1232
1233;1233;Kartverket;Gyldig;29.11.2017;1;Ulvik;;;https://register.geonorge.no/subregister/sosi-kodelister/kartverket/kommunenummer-alle/kartverket/1233
1234;1234;Kartverket;Gyldig;29.11.2017;1;Granvin;;;https://register.geonorge.no/subregister/sosi-kodelister/kartverket/kommunenummer-alle/kartverket/1234
1235;1235;Kartverket;Gyldig;29.11.2017;1;Voss;;;https://register.geonorge.no/subregister/sosi-kodelister/kartverket/kommunenummer-alle/kartverket/1235
1238;1238;Kartverket;Gyldig;29.11.2017;1;Kvam;;;https://register.geonorge.no/subregister/sosi-kodelister/kartverket/kommunenummer-alle/kartverket/1238
1241;1241;Kartverket;Gyldig;29.11.2017;1;Fusa;;;https://register.geonorge.no/subregister/sosi-kodelister/kartverket/kommunenummer-alle/kartverket/1241
1242;1242;Kartverket;Gyldig;29.11.2017;1;Samnanger;;;https://register.geonorge.no/subregister/sosi-kodelister/kartverket/kommunenummer-alle/kartverket/1242
1243;1243;Kartverket;Gyldig;29.11.2017;1;Os i Hordaland;;;https://register.geonorge.no/subregister/sosi-kodelister/kartverket/kommunenummer-alle/kartverket/1243
1244;1244;Kartverket;Gyldig;29.11.2017;1;Austevoll;;;https://register.geonorge.no/subregister/sosi-kodelister/kartverket/kommunenummer-alle/kartverket/1244
1245;1245;Kartverket;Gyldig;29.11.2017;1;Sund;;;https://register.geonorge.no/subregister/sosi-kodelister/kartverket/kommunenummer-alle/kartverket/1245
1246;1246;Kartverket;Gyldig;29.11.2017;1;Fjell;;;https://register.geonorge.no/subregister/sosi-kodelister/kartverket/kommunenummer-alle/kartverket/1246
1247;1247;Kartverket;Gyldig;29.11.2017;1;Askøy;;;https://register.geonorge.no/subregister/sosi-kodelister/kartverket/kommunenummer-alle/kartverket/1247
1251;1251;Kartverket;Gyldig;29.11.2017;1;Vaksdal;;;https://register.geonorge.no/subregister/sosi-kodelister/kartverket/kommunenummer-alle/kartverket/1251
1252;1252;Kartverket;Gyldig;29.11.2017;1;Modalen;;;https://register.geonorge.no/subregister/sosi-kodelister/kartverket/kommunenummer-alle/kartverket/1252
1253;1253;Kartverket;Gyldig;29.11.2017;1;Osterøy;;;https://register.geonorge.no/subregister/sosi-kodelister/kartverket/kommunenummer-alle/kartverket/1253
1256;1256;Kartverket;Gyldig;29.11.2017;1;Meland;;;https://register.geonorge.no/subregister/sosi-kodelister/kartverket/kommunenummer-alle/kartverket/1256
1259;1259;Kartverket;Gyldig;29.11.2017;1;Øygarden;;;https://register.geonorge.no/subregister/sosi-kodelister/kartverket/kommunenummer-alle/kartverket/1259
1260;1260;Kartverket;Gyldig;29.11.2017;1;Radøy;;;https://register.geonorge.no/subregister/sosi-kodelister/kartverket/kommunenummer-alle/kartverket/1260
1263;1263;Kartverket;Gyldig;29.11.2017;1;Lindås;;;https://register.geonorge.no/subregister/sosi-kodelister/kartverket/kommunenummer-alle/kartverket/1263
1264;1264;Kartverket;Gyldig;29.11.2017;1;Austrheim;;;https://register.geonorge.no/subregister/sosi-kodelister/kartverket/kommunenummer-alle/kartverket/1264
1265;1265;Kartverket;Gyldig;29.11.2017;1;Fedje;;;https://register.geonorge.no/subregister/sosi-kodelister/kartverket/kommunenummer-alle/kartverket/1265
1266;1266;Kartverket;Gyldig;29.11.2017;1;Masfjorden;;;https://register.geonorge.no/subregister/sosi-kodelister/kartverket/kommunenummer-alle/kartverket/1266
1401;1401;Kartverket;Gyldig;29.11.2017;1;Flora;;;https://register.geonorge.no/subregister/sosi-kodelister/kartverket/kommunenummer-alle/kartverket/1401
1411;1411;Kartverket;Gyldig;29.11.2017;1;Gulen;;;https://register.geonorge.no/subregister/sosi-kodelister/kartverket/kommunenummer-alle/kartverket/1411
1412;1412;Kartverket;Gyldig;29.11.2017;1;Solund;;;https://register.geonorge.no/subregister/sosi-kodelister/kartverket/kommunenummer-alle/kartverket/1412
1413;1413;Kartverket;Gyldig;29.11.2017;1;Hyllestad;;;https://register.geonorge.no/subregister/sosi-kodelister/kartverket/kommunenummer-alle/kartverket/1413
1416;1416;Kartverket;Gyldig;29.11.2017;1;Høyanger;;;https://register.geonorge.no/subregister/sosi-kodelister/kartverket/kommunenummer-alle/kartverket/1416
1417;1417;Kartverket;Gyldig;29.11.2017;1;Vik;;;https://register.geonorge.no/subregister/sosi-kodelister/kartverket/kommunenummer-alle/kartverket/1417
1418;1418;Kartverket;Gyldig;29.11.2017;1;Balestrand;;;https://register.geonorge.no/subregister/sosi-kodelister/kartverket/kommunenummer-alle/kartverket/1418
1419;1419;Kartverket;Gyldig;29.11.2017;1;Leikanger;;;https://register.geonorge.no/subregister/sosi-kodelister/kartverket/kommunenummer-alle/kartverket/1419
1420;1420;Kartverket;Gyldig;29.11.2017;1;Sogndal;;;https://register.geonorge.no/subregister/sosi-kodelister/kartverket/kommunenummer-alle/kartverket/1420
1421;1421;Kartverket;Gyldig;29.11.2017;1;Aurland;;;https://register.geonorge.no/subregister/sosi-kodelister/kartverket/kommunenummer-alle/kartverket/1421
1422;1422;Kartverket;Gyldig;29.11.2017;1;Lærdal;;;https://register.geonorge.no/subregister/sosi-kodelister/kartverket/kommunenummer-alle/kartverket/1422
1424;1424;Kartverket;Gyldig;29.11.2017;1;Årdal;;;https://register.geonorge.no/subregister/sosi-kodelister/kartverket/kommunenummer-alle/kartverket/1424
1426;1426;Kartverket;Gyldig;29.11.2017;1;Luster;;;https://register.geonorge.no/subregister/sosi-kodelister/kartverket/kommunenummer-alle/kartverket/1426
1428;1428;Kartverket;Gyldig;29.11.2017;1;Askvoll;;;https://register.geonorge.no/subregister/sosi-kodelister/kartverket/kommunenummer-alle/kartverket/1428
1429;1429;Kartverket;Gyldig;29.11.2017;1;Fjaler;;;https://register.geonorge.no/subregister/sosi-kodelister/kartverket/kommunenummer-alle/kartverket/1429
1430;1430;Kartverket;Gyldig;29.11.2017;1;Gaular;;;https://register.geonorge.no/subregister/sosi-kodelister/kartverket/kommunenummer-alle/kartverket/1430
1431;1431;Kartverket;Gyldig;29.11.2017;1;Jølster;;;https://register.geonorge.no/subregister/sosi-kodelister/kartverket/kommunenummer-alle/kartverket/1431
1432;1432;Kartverket;Gyldig;29.11.2017;1;Førde;;;https://register.geonorge.no/subregister/sosi-kodelister/kartverket/kommunenummer-alle/kartverket/1432
1433;1433;Kartverket;Gyldig;29.11.2017;1;Naustdal;;;https://register.geonorge.no/subregister/sosi-kodelister/kartverket/kommunenummer-alle/kartverket/1433
1438;1438;Kartverket;Gyldig;29.11.2017;1;Bremanger;;;https://register.geonorge.no/subregister/sosi-kodelister/kartverket/kommunenummer-alle/kartverket/1438
1439;1439;Kartverket;Gyldig;29.11.2017;1;Vågsøy;;;https://register.geonorge.no/subregister/sosi-kodelister/kartverket/kommunenummer-alle/kartverket/1439
1441;1441;Kartverket;Gyldig;29.11.2017;1;Selje;;;https://register.geonorge.no/subregister/sosi-kodelister/kartverket/kommunenummer-alle/kartverket/1441
1443;1443;Kartverket;Gyldig;29.11.2017;1;Eid;;;https://register.geonorge.no/subregister/sosi-kodelister/kartverket/kommunenummer-alle/kartverket/1443
1444;1444;Kartverket;Gyldig;29.11.2017;1;Hornindal;;;https://register.geonorge.no/subregister/sosi-kodelister/kartverket/kommunenummer-alle/kartverket/1444
1445;1445;Kartverket;Gyldig;29.11.2017;1;Gloppen;;;https://register.geonorge.no/subregister/sosi-kodelister/kartverket/kommunenummer-alle/kartverket/1445
1449;1449;Kartverket;Gyldig;29.11.2017;1;Stryn;;;https://register.geonorge.no/subregister/sosi-kodelister/kartverket/kommunenummer-alle/kartverket/1449
1502;1502;Kartverket;Gyldig;29.11.2017;1;Molde;;;https://register.geonorge.no/subregister/sosi-kodelister/kartverket/kommunenummer-alle/kartverket/1502
1504;1504;Kartverket;Gyldig;29.11.2017;1;Ålesund;;;https://register.geonorge.no/subregister/sosi-kodelister/kartverket/kommunenummer-alle/kartverket/1504
1505;1505;Kartverket;Gyldig;29.11.2017;1;Kristiansund;;;https://register.geonorge.no/subregister/sosi-kodelister/kartverket/kommunenummer-alle/kartverket/1505
1511;1511;Kartverket;Gyldig;29.11.2017;1;Vanylven;;;https://register.geonorge.no/subregister/sosi-kodelister/kartverket/kommunenummer-alle/kartverket/1511
1514;1514;Kartverket;Gyldig;29.11.2017;1;Sande i Møre og Romsdal;;;https://register.geonorge.no/subregister/sosi-kodelister/kartverket/kommunenummer-alle/kartverket/1514
1515;1515;Kartverket;Gyldig;29.11.2017;1;Herøy i Møre og Romsdal;;;https://register.geonorge.no/subregister/sosi-kodelister/kartverket/kommunenummer-alle/kartverket/1515
1516;1516;Kartverket;Gyldig;29.11.2017;1;Ulstein;;;https://register.geonorge.no/subregister/sosi-kodelister/kartverket/kommunenummer-alle/kartverket/1516
1517;1517;Kartverket;Gyldig;29.11.2017;1;Hareid;;;https://register.geonorge.no/subregister/sosi-kodelister/kartverket/kommunenummer-alle/kartverket/1517
1519;1519;Kartverket;Gyldig;29.11.2017;1;Volda;;;https://register.geonorge.no/subregister/sosi-kodelister/kartverket/kommunenummer-alle/kartverket/1519
1520;1520;Kartverket;Gyldig;29.11.2017;1;Ørsta;;;https://register.geonorge.no/subregister/sosi-kodelister/kartverket/kommunenummer-alle/kartverket/1520
1523;1523;Kartverket;Gyldig;29.11.2017;1;Ørskog;;;https://register.geonorge.no/subregister/sosi-kodelister/kartverket/kommunenummer-alle/kartverket/1523
1524;1524;Kartverket;Gyldig;29.11.2017;1;Norddal;;;https://register.geonorge.no/subregister/sosi-kodelister/kartverket/kommunenummer-alle/kartverket/1524
1525;1525;Kartverket;Gyldig;29.11.2017;1;Stranda;;;https://register.geonorge.no/subregister/sosi-kodelister/kartverket/kommunenummer-alle/kartverket/1525
1526;1526;Kartverket;Gyldig;29.11.2017;1;Stordal;;;https://register.geonorge.no/subregister/sosi-kodelister/kartverket/kommunenummer-alle/kartverket/1526
1528;1528;Kartverket;Gyldig;29.11.2017;1;Sykkylven;;;https://register.geonorge.no/subregister/sosi-kodelister/kartverket/kommunenummer-alle/kartverket/1528
1529;1529;Kartverket;Gyldig;29.11.2017;1;Skodje;;;https://register.geonorge.no/subregister/sosi-kodelister/kartverket/kommunenummer-alle/kartverket/1529
1531;1531;Kartverket;Gyldig;29.11.2017;1;Sula;;;https://register.geonorge.no/subregister/sosi-kodelister/kartverket/kommunenummer-alle/kartverket/1531
1532;1532;Kartverket;Gyldig;29.11.2017;1;Giske;;;https://register.geonorge.no/subregister/sosi-kodelister/kartverket/kommunenummer-alle/kartverket/1532
1534;1534;Kartverket;Gyldig;29.11.2017;1;Haram;;;https://register.geonorge.no/subregister/sosi-kodelister/kartverket/kommunenummer-alle/kartverket/1534
1535;1535;Kartverket;Gyldig;29.11.2017;1;Vestnes;;;https://register.geonorge.no/subregister/sosi-kodelister/kartverket/kommunenummer-alle/kartverket/1535
1539;1539;Kartverket;Gyldig;29.11.2017;1;Rauma;;;https://register.geonorge.no/subregister/sosi-kodelister/kartverket/kommunenummer-alle/kartverket/1539
1543;1543;Kartverket;Gyldig;29.11.2017;1;Nesset;;;https://register.geonorge.no/subregister/sosi-kodelister/kartverket/kommunenummer-alle/kartverket/1543
1545;1545;Kartverket;Gyldig;29.11.2017;1;Midsund;;;https://register.geonorge.no/subregister/sosi-kodelister/kartverket/kommunenummer-alle/kartverket/1545
1546;1546;Kartverket;Gyldig;29.11.2017;1;Sandøy;;;https://register.geonorge.no/subregister/sosi-kodelister/kartverket/kommunenummer-alle/kartverket/1546
1547;1547;Kartverket;Gyldig;29.11.2017;1;Aukra;;;https://register.geonorge.no/subregister/sosi-kodelister/kartverket/kommunenummer-alle/kartverket/1547
1548;1548;Kartverket;Gyldig;29.11.2017;1;Fræna;;;https://register.geonorge.no/subregister/sosi-kodelister/kartverket/kommunenummer-alle/kartverket/1548
1551;1551;Kartverket;Gyldig;29.11.2017;1;Eide;;;https://register.geonorge.no/subregister/sosi-kodelister/kartverket/kommunenummer-alle/kartverket/1551
1554;1554;Kartverket;Gyldig;29.11.2017;1;Averøy;;;https://register.geonorge.no/subregister/sosi-kodelister/kartverket/kommunenummer-alle/kartverket/1554
1557;1557;Kartverket;Gyldig;29.11.2017;1;Gjemnes;;;https://register.geonorge.no/subregister/sosi-kodelister/kartverket/kommunenummer-alle/kartverket/1557
1560;1560;Kartverket;Gyldig;29.11.2017;1;Tingvoll;;;https://register.geonorge.no/subregister/sosi-kodelister/kartverket/kommunenummer-alle/kartverket/1560
1563;1563;Kartverket;Gyldig;29.11.2017;1;Sunndal;;;https://register.geonorge.no/subregister/sosi-kodelister/kartverket/kommunenummer-alle/kartverket/1563
1566;1566;Kartverket;Gyldig;29.11.2017;1;Surnadal;;;https://register.geonorge.no/subregister/sosi-kodelister/kartverket/kommunenummer-alle/kartverket/1566
1567;1567;Kartverket;Gyldig;29.11.2017;1;Rindal;;;https://register.geonorge.no/subregister/sosi-kodelister/kartverket/kommunenummer-alle/kartverket/1567
1569;1569;Kartverket;Utgått;29.11.2017;1;Aure;;;https://register.geonorge.no/subregister/sosi-kodelister/kartverket/kommunenummer-alle/kartverket/1569
1571;1571;Kartverket;Gyldig;29.11.2017;1;Halsa;;;https://register.geonorge.no/subregister/sosi-kodelister/kartverket/kommunenummer-alle/kartverket/1571
1572;1572;Kartverket;Utgått;29.11.2017;1;Tustna;;;https://register.geonorge.no/subregister/sosi-kodelister/kartverket/kommunenummer-alle/kartverket/1572
1573;1573;Kartverket;Gyldig;29.11.2017;1;Smøla;;;https://register.geonorge.no/subregister/sosi-kodelister/kartverket/kommunenummer-alle/kartverket/1573
1576;1576;Kartverket;Gyldig;29.11.2017;1;Aure;;;https://register.geonorge.no/subregister/sosi-kodelister/kartverket/kommunenummer-alle/kartverket/1576
1601;1601;Kartverket;Utgått;29.11.2017;1;Trondheim;;01.01.2018 00:00:00;https://register.geonorge.no/subregister/sosi-kodelister/kartverket/kommunenummer-alle/kartverket/1601
1612;1612;Kartverket;Utgått;29.11.2017;1;Hemne;;01.01.2018 00:00:00;https://register.geonorge.no/subregister/sosi-kodelister/kartverket/kommunenummer-alle/kartverket/1612
1613;1613;Kartverket;Utgått;29.11.2017;1;Snillfjord;;01.01.2018 00:00:00;https://register.geonorge.no/subregister/sosi-kodelister/kartverket/kommunenummer-alle/kartverket/1613
1617;1617;Kartverket;Utgått;29.11.2017;1;Hitra;;01.01.2018 00:00:00;https://register.geonorge.no/subregister/sosi-kodelister/kartverket/kommunenummer-alle/kartverket/1617
1620;1620;Kartverket;Utgått;29.11.2017;1;Frøya;;01.01.2018 00:00:00;https://register.geonorge.no/subregister/sosi-kodelister/kartverket/kommunenummer-alle/kartverket/1620
1621;1621;Kartverket;Utgått;29.11.2017;1;Ørland;;01.01.2018 00:00:00;https://register.geonorge.no/subregister/sosi-kodelister/kartverket/kommunenummer-alle/kartverket/1621
1622;1622;Kartverket;Utgått;29.11.2017;1;Agdenes;;01.01.2018 00:00:00;https://register.geonorge.no/subregister/sosi-kodelister/kartverket/kommunenummer-alle/kartverket/1622
1624;1624;Kartverket;Utgått;29.11.2017;1;Rissa;;01.01.2018 00:00:00;https://register.geonorge.no/subregister/sosi-kodelister/kartverket/kommunenummer-alle/kartverket/1624
1627;1627;Kartverket;Utgått;29.11.2017;1;Bjugn;;01.01.2018 00:00:00;https://register.geonorge.no/subregister/sosi-kodelister/kartverket/kommunenummer-alle/kartverket/1627
1630;1630;Kartverket;Utgått;29.11.2017;1;Åfjord;;01.01.2018 00:00:00;https://register.geonorge.no/subregister/sosi-kodelister/kartverket/kommunenummer-alle/kartverket/1630
1632;1632;Kartverket;Utgått;29.11.2017;1;Roan;;01.01.2018 00:00:00;https://register.geonorge.no/subregister/sosi-kodelister/kartverket/kommunenummer-alle/kartverket/1632
1633;1633;Kartverket;Utgått;29.11.2017;1;Osen;;01.01.2018 00:00:00;https://register.geonorge.no/subregister/sosi-kodelister/kartverket/kommunenummer-alle/kartverket/1633
1634;1634;Kartverket;Utgått;29.11.2017;1;Oppdal;;01.01.2018 00:00:00;https://register.geonorge.no/subregister/sosi-kodelister/kartverket/kommunenummer-alle/kartverket/1634
1635;1635;Kartverket;Utgått;29.11.2017;1;Rennebu;;01.01.2018 00:00:00;https://register.geonorge.no/subregister/sosi-kodelister/kartverket/kommunenummer-alle/kartverket/1635
1636;1636;Kartverket;Utgått;29.11.2017;1;Meldal;;01.01.2018 00:00:00;https://register.geonorge.no/subregister/sosi-kodelister/kartverket/kommunenummer-alle/kartverket/1636
1638;1638;Kartverket;Utgått;29.11.2017;1;Orkdal;;01.01.2018 00:00:00;https://register.geonorge.no/subregister/sosi-kodelister/kartverket/kommunenummer-alle/kartverket/1638
1640;1640;Kartverket;Utgått;29.11.2017;1;Røros;;01.01.2018 00:00:00;https://register.geonorge.no/subregister/sosi-kodelister/kartverket/kommunenummer-alle/kartverket/1640
1644;1644;Kartverket;Utgått;29.11.2017;1;Holtålen;;01.01.2018 00:00:00;https://register.geonorge.no/subregister/sosi-kodelister/kartverket/kommunenummer-alle/kartverket/1644
1648;1648;Kartverket;Utgått;29.11.2017;1;Midtre Gauldal;;01.01.2018 00:00:00;https://register.geonorge.no/subregister/sosi-kodelister/kartverket/kommunenummer-alle/kartverket/1648
1653;1653;Kartverket;Utgått;29.11.2017;1;Melhus;;01.01.2018 00:00:00;https://register.geonorge.no/subregister/sosi-kodelister/kartverket/kommunenummer-alle/kartverket/1653
1657;1657;Kartverket;Utgått;29.11.2017;1;Skaun;;01.01.2018 00:00:00;https://register.geonorge.no/subregister/sosi-kodelister/kartverket/kommunenummer-alle/kartverket/1657
1662;1662;Kartverket;Utgått;29.11.2017;1;Klæbu;;01.01.2018 00:00:00;https://register.geonorge.no/subregister/sosi-kodelister/kartverket/kommunenummer-alle/kartverket/1662
1663;1663;Kartverket;Utgått;29.11.2017;1;Malvik;;01.01.2018 00:00:00;https://register.geonorge.no/subregister/sosi-kodelister/kartverket/kommunenummer-alle/kartverket/1663
1664;1664;Kartverket;Utgått;29.11.2017;1;Selbu;;01.01.2018 00:00:00;https://register.geonorge.no/subregister/sosi-kodelister/kartverket/kommunenummer-alle/kartverket/1664
1665;1665;Kartverket;Utgått;29.11.2017;1;Tydal;;01.01.2018 00:00:00;https://register.geonorge.no/subregister/sosi-kodelister/kartverket/kommunenummer-alle/kartverket/1665
1702;1702;Kartverket;Utgått;29.11.2017;1;Steinkjer;;01.01.2018 00:00:00;https://register.geonorge.no/subregister/sosi-kodelister/kartverket/kommunenummer-alle/kartverket/1702
1703;1703;Kartverket;Utgått;29.11.2017;1;Namsos;;01.01.2018 00:00:00;https://register.geonorge.no/subregister/sosi-kodelister/kartverket/kommunenummer-alle/kartverket/1703
1711;1711;Kartverket;Utgått;29.11.2017;1;Meråker;;01.01.2018 00:00:00;https://register.geonorge.no/subregister/sosi-kodelister/kartverket/kommunenummer-alle/kartverket/1711
1714;1714;Kartverket;Utgått;29.11.2017;1;Stjørdal;;01.01.2018 00:00:00;https://register.geonorge.no/subregister/sosi-kodelister/kartverket/kommunenummer-alle/kartverket/1714
1717;1717;Kartverket;Utgått;29.11.2017;1;Frosta;;01.01.2018 00:00:00;https://register.geonorge.no/subregister/sosi-kodelister/kartverket/kommunenummer-alle/kartverket/1717
1718;1718;Kartverket;Utgått;29.11.2017;1;Leksvik;;01.01.2018 00:00:00;https://register.geonorge.no/subregister/sosi-kodelister/kartverket/kommunenummer-alle/kartverket/1718
1719;1719;Kartverket;Utgått;29.11.2017;1;Levanger;;01.01.2018 00:00:00;https://register.geonorge.no/subregister/sosi-kodelister/kartverket/kommunenummer-alle/kartverket/1719
1721;1721;Kartverket;Utgått;29.11.2017;1;Verdal;;01.01.2018 00:00:00;https://register.geonorge.no/subregister/sosi-kodelister/kartverket/kommunenummer-alle/kartverket/1721
1723;1723;Kartverket;Utgått;29.11.2017;1;Mosvik;;;https://register.geonorge.no/subregister/sosi-kodelister/kartverket/kommunenummer-alle/kartverket/1723
1724;1724;Kartverket;Utgått;29.11.2017;1;Verran;;01.01.2018 00:00:00;https://register.geonorge.no/subregister/sosi-kodelister/kartverket/kommunenummer-alle/kartverket/1724
1725;1725;Kartverket;Utgått;29.11.2017;1;Namdalseid;;01.01.2018 00:00:00;https://register.geonorge.no/subregister/sosi-kodelister/kartverket/kommunenummer-alle/kartverket/1725
1729;1729;Kartverket;Utgått;29.11.2017;1;Inderøy;;01.01.2018 00:00:00;https://register.geonorge.no/subregister/sosi-kodelister/kartverket/kommunenummer-alle/kartverket/1729
1736;1736;Kartverket;Utgått;29.11.2017;1;Snåase – Snåsa;;01.01.2018 00:00:00;https://register.geonorge.no/subregister/sosi-kodelister/kartverket/kommunenummer-alle/kartverket/1736
1738;1738;Kartverket;Utgått;29.11.2017;1;Lierne;;01.01.2018 00:00:00;https://register.geonorge.no/subregister/sosi-kodelister/kartverket/kommunenummer-alle/kartverket/1738
1739;1739;Kartverket;Utgått;29.11.2017;1;Raarvihke – Røyrvik;;01.01.2018 00:00:00;https://register.geonorge.no/subregister/sosi-kodelister/kartverket/kommunenummer-alle/kartverket/1739
1740;1740;Kartverket;Utgått;29.11.2017;1;Namsskogan;;01.01.2018 00:00:00;https://register.geonorge.no/subregister/sosi-kodelister/kartverket/kommunenummer-alle/kartverket/1740
1742;1742;Kartverket;Utgått;29.11.2017;1;Grong;;01.01.2018 00:00:00;https://register.geonorge.no/subregister/sosi-kodelister/kartverket/kommunenummer-alle/kartverket/1742
1743;1743;Kartverket;Utgått;29.11.2017;1;Høylandet;;01.01.2018 00:00:00;https://register.geonorge.no/subregister/sosi-kodelister/kartverket/kommunenummer-alle/kartverket/1743
1744;1744;Kartverket;Utgått;29.11.2017;1;Overhalla;;01.01.2018 00:00:00;https://register.geonorge.no/subregister/sosi-kodelister/kartverket/kommunenummer-alle/kartverket/1744
1748;1748;Kartverket;Utgått;29.11.2017;1;Fosnes;;01.01.2018 00:00:00;https://register.geonorge.no/subregister/sosi-kodelister/kartverket/kommunenummer-alle/kartverket/1748
1749;1749;Kartverket;Utgått;29.11.2017;1;Flatanger;;01.01.2018 00:00:00;https://register.geonorge.no/subregister/sosi-kodelister/kartverket/kommunenummer-alle/kartverket/1749
1750;1750;Kartverket;Utgått;29.11.2017;1;Vikna;;01.01.2018 00:00:00;https://register.geonorge.no/subregister/sosi-kodelister/kartverket/kommunenummer-alle/kartverket/1750
1751;1751;Kartverket;Utgått;29.11.2017;1;Nærøy;;01.01.2018 00:00:00;https://register.geonorge.no/subregister/sosi-kodelister/kartverket/kommunenummer-alle/kartverket/1751
1755;1755;Kartverket;Utgått;29.11.2017;1;Leka;;01.01.2018 00:00:00;https://register.geonorge.no/subregister/sosi-kodelister/kartverket/kommunenummer-alle/kartverket/1755
1756;1756;Kartverket;Utgått;29.11.2017;1;Inderøy;;01.01.2018 00:00:00;https://register.geonorge.no/subregister/sosi-kodelister/kartverket/kommunenummer-alle/kartverket/1756
1804;1804;Kartverket;Gyldig;29.11.2017;1;Bodø;;;https://register.geonorge.no/subregister/sosi-kodelister/kartverket/kommunenummer-alle/kartverket/1804
1805;1805;Kartverket;Gyldig;29.11.2017;1;Narvik;;;https://register.geonorge.no/subregister/sosi-kodelister/kartverket/kommunenummer-alle/kartverket/1805
1811;1811;Kartverket;Gyldig;29.11.2017;1;Bindal;;;https://register.geonorge.no/subregister/sosi-kodelister/kartverket/kommunenummer-alle/kartverket/1811
1812;1812;Kartverket;Gyldig;29.11.2017;1;Sømna;;;https://register.geonorge.no/subregister/sosi-kodelister/kartverket/kommunenummer-alle/kartverket/1812
1813;1813;Kartverket;Gyldig;29.11.2017;1;Brønnøy;;;https://register.geonorge.no/subregister/sosi-kodelister/kartverket/kommunenummer-alle/kartverket/1813
1815;1815;Kartverket;Gyldig;29.11.2017;1;Vega;;;https://register.geonorge.no/subregister/sosi-kodelister/kartverket/kommunenummer-alle/kartverket/1815
1816;1816;Kartverket;Gyldig;29.11.2017;1;Vevelstad;;;https://register.geonorge.no/subregister/sosi-kodelister/kartverket/kommunenummer-alle/kartverket/1816
1818;1818;Kartverket;Gyldig;29.11.2017;1;Herøy i Nordland;;;https://register.geonorge.no/subregister/sosi-kodelister/kartverket/kommunenummer-alle/kartverket/1818
1820;1820;Kartverket;Gyldig;29.11.2017;1;Alstahaug;;;https://register.geonorge.no/subregister/sosi-kodelister/kartverket/kommunenummer-alle/kartverket/1820
1822;1822;Kartverket;Gyldig;29.11.2017;1;Leirfjord;;;https://register.geonorge.no/subregister/sosi-kodelister/kartverket/kommunenummer-alle/kartverket/1822
1824;1824;Kartverket;Gyldig;29.11.2017;1;Vefsn;;;https://register.geonorge.no/subregister/sosi-kodelister/kartverket/kommunenummer-alle/kartverket/1824
1825;1825;Kartverket;Gyldig;29.11.2017;1;Grane;;;https://register.geonorge.no/subregister/sosi-kodelister/kartverket/kommunenummer-alle/kartverket/1825
1826;1826;Kartverket;Gyldig;29.11.2017;1;Hattfjelldal;;;https://register.geonorge.no/subregister/sosi-kodelister/kartverket/kommunenummer-alle/kartverket/1826
1827;1827;Kartverket;Gyldig;29.11.2017;1;Dønna;;;https://register.geonorge.no/subregister/sosi-kodelister/kartverket/kommunenummer-alle/kartverket/1827
1828;1828;Kartverket;Gyldig;29.11.2017;1;Nesna;;;https://register.geonorge.no/subregister/sosi-kodelister/kartverket/kommunenummer-alle/kartverket/1828
1832;1832;Kartverket;Gyldig;29.11.2017;1;Hemnes;;;https://register.geonorge.no/subregister/sosi-kodelister/kartverket/kommunenummer-alle/kartverket/1832
1833;1833;Kartverket;Gyldig;29.11.2017;1;Rana;;;https://register.geonorge.no/subregister/sosi-kodelister/kartverket/kommunenummer-alle/kartverket/1833
1834;1834;Kartverket;Gyldig;29.11.2017;1;Lurøy;;;https://register.geonorge.no/subregister/sosi-kodelister/kartverket/kommunenummer-alle/kartverket/1834
1835;1835;Kartverket;Gyldig;29.11.2017;1;Træna;;;https://register.geonorge.no/subregister/sosi-kodelister/kartverket/kommunenummer-alle/kartverket/1835
1836;1836;Kartverket;Gyldig;29.11.2017;1;Rødøy;;;https://register.geonorge.no/subregister/sosi-kodelister/kartverket/kommunenummer-alle/kartverket/1836
1837;1837;Kartverket;Gyldig;29.11.2017;1;Meløy;;;https://register.geonorge.no/subregister/sosi-kodelister/kartverket/kommunenummer-alle/kartverket/1837
1838;1838;Kartverket;Gyldig;29.11.2017;1;Gildeskål;;;https://register.geonorge.no/subregister/sosi-kodelister/kartverket/kommunenummer-alle/kartverket/1838
1839;1839;Kartverket;Gyldig;29.11.2017;1;Beiarn;;;https://register.geonorge.no/subregister/sosi-kodelister/kartverket/kommunenummer-alle/kartverket/1839
1840;1840;Kartverket;Gyldig;29.11.2017;1;Saltdal;;;https://register.geonorge.no/subregister/sosi-kodelister/kartverket/kommunenummer-alle/kartverket/1840
1841;1841;Kartverket;Gyldig;29.11.2017;1;Fauske – Fuossko;;;https://register.geonorge.no/subregister/sosi-kodelister/kartverket/kommunenummer-alle/kartverket/1841
1842;1842;Kartverket;Utgått;29.11.2017;1;Skjerstad;;;https://register.geonorge.no/subregister/sosi-kodelister/kartverket/kommunenummer-alle/kartverket/1842
1845;1845;Kartverket;Gyldig;29.11.2017;1;Sørfold;;;https://register.geonorge.no/subregister/sosi-kodelister/kartverket/kommunenummer-alle/kartverket/1845
1848;1848;Kartverket;Gyldig;29.11.2017;1;Steigen;;;https://register.geonorge.no/subregister/sosi-kodelister/kartverket/kommunenummer-alle/kartverket/1848
1849;1849;Kartverket;Gyldig;29.11.2017;1;Hamarøy – Hábmer;;;https://register.geonorge.no/subregister/sosi-kodelister/kartverket/kommunenummer-alle/kartverket/1849
1850;1850;Kartverket;Gyldig;29.11.2017;1;Divtasvuodna – Tysfjord;;;https://register.geonorge.no/subregister/sosi-kodelister/kartverket/kommunenummer-alle/kartverket/1850
1851;1851;Kartverket;Gyldig;29.11.2017;1;Lødingen;;;https://register.geonorge.no/subregister/sosi-kodelister/kartverket/kommunenummer-alle/kartverket/1851
1852;1852;Kartverket;Gyldig;29.11.2017;1;Tjeldsund;;;https://register.geonorge.no/subregister/sosi-kodelister/kartverket/kommunenummer-alle/kartverket/1852
1853;1853;Kartverket;Gyldig;29.11.2017;1;Evenes;;;https://register.geonorge.no/subregister/sosi-kodelister/kartverket/kommunenummer-alle/kartverket/1853
1854;1854;Kartverket;Gyldig;29.11.2017;1;Ballangen;;;https://register.geonorge.no/subregister/sosi-kodelister/kartverket/kommunenummer-alle/kartverket/1854
1856;1856;Kartverket;Gyldig;29.11.2017;1;Røst;;;https://register.geonorge.no/subregister/sosi-kodelister/kartverket/kommunenummer-alle/kartverket/1856
1857;1857;Kartverket;Gyldig;29.11.2017;1;Værøy;;;https://register.geonorge.no/subregister/sosi-kodelister/kartverket/kommunenummer-alle/kartverket/1857
1859;1859;Kartverket;Gyldig;29.11.2017;1;Flakstad;;;https://register.geonorge.no/subregister/sosi-kodelister/kartverket/kommunenummer-alle/kartverket/1859
1860;1860;Kartverket;Gyldig;29.11.2017;1;Vestvågøy;;;https://register.geonorge.no/subregister/sosi-kodelister/kartverket/kommunenummer-alle/kartverket/1860
1865;1865;Kartverket;Gyldig;29.11.2017;1;Vågan;;;https://register.geonorge.no/subregister/sosi-kodelister/kartverket/kommunenummer-alle/kartverket/1865
1866;1866;Kartverket;Gyldig;29.11.2017;1;Hadsel;;;https://register.geonorge.no/subregister/sosi-kodelister/kartverket/kommunenummer-alle/kartverket/1866
1867;1867;Kartverket;Gyldig;29.11.2017;1;Bø i Nordland ;;;https://register.geonorge.no/subregister/sosi-kodelister/kartverket/kommunenummer-alle/kartverket/1867
1868;1868;Kartverket;Gyldig;29.11.2017;1;Øksnes;;;https://register.geonorge.no/subregister/sosi-kodelister/kartverket/kommunenummer-alle/kartverket/1868
1870;1870;Kartverket;Gyldig;29.11.2017;1;Sortland;;;https://register.geonorge.no/subregister/sosi-kodelister/kartverket/kommunenummer-alle/kartverket/1870
1871;1871;Kartverket;Gyldig;29.11.2017;1;Andøy;;;https://register.geonorge.no/subregister/sosi-kodelister/kartverket/kommunenummer-alle/kartverket/1871
1874;1874;Kartverket;Gyldig;29.11.2017;1;Moskenes;;;https://register.geonorge.no/subregister/sosi-kodelister/kartverket/kommunenummer-alle/kartverket/1874
1901;1901;Kartverket;Utgått;29.11.2017;1;Harstad;;;https://register.geonorge.no/subregister/sosi-kodelister/kartverket/kommunenummer-alle/kartverket/1901
1902;1902;Kartverket;Gyldig;29.11.2017;1;Tromsø;;;https://register.geonorge.no/subregister/sosi-kodelister/kartverket/kommunenummer-alle/kartverket/1902
1903;1903;Kartverket;Gyldig;29.11.2017;1;Harstad;;;https://register.geonorge.no/subregister/sosi-kodelister/kartverket/kommunenummer-alle/kartverket/1903
1911;1911;Kartverket;Gyldig;29.11.2017;1;Kvæfjord;;;https://register.geonorge.no/subregister/sosi-kodelister/kartverket/kommunenummer-alle/kartverket/1911
1913;1913;Kartverket;Gyldig;29.11.2017;1;Skånland;;;https://register.geonorge.no/subregister/sosi-kodelister/kartverket/kommunenummer-alle/kartverket/1913
1915;1915;Kartverket;Utgått;29.11.2017;1;Bjarkøy;;;https://register.geonorge.no/subregister/sosi-kodelister/kartverket/kommunenummer-alle/kartverket/1915
1917;1917;Kartverket;Gyldig;29.11.2017;1;Ibestad;;;https://register.geonorge.no/subregister/sosi-kodelister/kartverket/kommunenummer-alle/kartverket/1917
1919;1919;Kartverket;Gyldig;29.11.2017;1;Gratangen;;;https://register.geonorge.no/subregister/sosi-kodelister/kartverket/kommunenummer-alle/kartverket/1919
1920;1920;Kartverket;Gyldig;29.11.2017;1;Loabák – Lavangen;;;https://register.geonorge.no/subregister/sosi-kodelister/kartverket/kommunenummer-alle/kartverket/1920
1922;1922;Kartverket;Gyldig;29.11.2017;1;Bardu;;;https://register.geonorge.no/subregister/sosi-kodelister/kartverket/kommunenummer-alle/kartverket/1922
1923;1923;Kartverket;Gyldig;29.11.2017;1;Salangen;;;https://register.geonorge.no/subregister/sosi-kodelister/kartverket/kommunenummer-alle/kartverket/1923
1924;1924;Kartverket;Gyldig;29.11.2017;1;Målselv;;;https://register.geonorge.no/subregister/sosi-kodelister/kartverket/kommunenummer-alle/kartverket/1924
1925;1925;Kartverket;Gyldig;29.11.2017;1;Sørreisa;;;https://register.geonorge.no/subregister/sosi-kodelister/kartverket/kommunenummer-alle/kartverket/1925
1926;1926;Kartverket;Gyldig;29.11.2017;1;Dyrøy;;;https://register.geonorge.no/subregister/sosi-kodelister/kartverket/kommunenummer-alle/kartverket/1926
1927;1927;Kartverket;Gyldig;29.11.2017;1;Tranøy;;;https://register.geonorge.no/subregister/sosi-kodelister/kartverket/kommunenummer-alle/kartverket/1927
1928;1928;Kartverket;Gyldig;29.11.2017;1;Torsken;;;https://register.geonorge.no/subregister/sosi-kodelister/kartverket/kommunenummer-alle/kartverket/1928
1929;1929;Kartverket;Gyldig;29.11.2017;1;Berg;;;https://register.geonorge.no/subregister/sosi-kodelister/kartverket/kommunenummer-alle/kartverket/1929
1931;1931;Kartverket;Gyldig;29.11.2017;1;Lenvik;;;https://register.geonorge.no/subregister/sosi-kodelister/kartverket/kommunenummer-alle/kartverket/1931
1933;1933;Kartverket;Gyldig;29.11.2017;1;Balsfjord;;;https://register.geonorge.no/subregister/sosi-kodelister/kartverket/kommunenummer-alle/kartverket/1933
1936;1936;Kartverket;Gyldig;29.11.2017;1;Karlsøy;;;https://register.geonorge.no/subregister/sosi-kodelister/kartverket/kommunenummer-alle/kartverket/1936
1938;1938;Kartverket;Gyldig;29.11.2017;1;Lyngen;;;https://register.geonorge.no/subregister/sosi-kodelister/kartverket/kommunenummer-alle/kartverket/1938
1939;1939;Kartverket;Gyldig;29.11.2017;1;Storfjord – Omasvuotna – Omasvuono;;;https://register.geonorge.no/subregister/sosi-kodelister/kartverket/kommunenummer-alle/kartverket/1939
1940;1940;Kartverket;Gyldig;29.11.2017;1;Gáivuotna – Kåfjord – Kaivuono;;;https://register.geonorge.no/subregister/sosi-kodelister/kartverket/kommunenummer-alle/kartverket/1940
1941;1941;Kartverket;Gyldig;29.11.2017;1;Skjervøy;;;https://register.geonorge.no/subregister/sosi-kodelister/kartverket/kommunenummer-alle/kartverket/1941
1942;1942;Kartverket;Gyldig;29.11.2017;1;Nordreisa;;;https://register.geonorge.no/subregister/sosi-kodelister/kartverket/kommunenummer-alle/kartverket/1942
1943;1943;Kartverket;Gyldig;29.11.2017;1;Kvænangen;;;https://register.geonorge.no/subregister/sosi-kodelister/kartverket/kommunenummer-alle/kartverket/1943
2001;2001;Kartverket;Utgått;29.11.2017;1;Hammerfest;;;https://register.geonorge.no/subregister/sosi-kodelister/kartverket/kommunenummer-alle/kartverket/2001
2002;2002;Kartverket;Gyldig;29.11.2017;1;Vardø;;;https://register.geonorge.no/subregister/sosi-kodelister/kartverket/kommunenummer-alle/kartverket/2002
2003;2003;Kartverket;Gyldig;29.11.2017;1;Vadsø;;;https://register.geonorge.no/subregister/sosi-kodelister/kartverket/kommunenummer-alle/kartverket/2003
2004;2004;Kartverket;Gyldig;29.11.2017;1;Hammerfest;;;https://register.geonorge.no/subregister/sosi-kodelister/kartverket/kommunenummer-alle/kartverket/2004
2011;2011;Kartverket;Gyldig;29.11.2017;1;Guovdageaidnu – Kautokeino;;;https://register.geonorge.no/subregister/sosi-kodelister/kartverket/kommunenummer-alle/kartverket/2011
2012;2012;Kartverket;Gyldig;29.11.2017;1;Alta;;;https://register.geonorge.no/subregister/sosi-kodelister/kartverket/kommunenummer-alle/kartverket/2012
2014;2014;Kartverket;Gyldig;29.11.2017;1;Loppa;;;https://register.geonorge.no/subregister/sosi-kodelister/kartverket/kommunenummer-alle/kartverket/2014
2015;2015;Kartverket;Gyldig;29.11.2017;1;Hasvik;;;https://register.geonorge.no/subregister/sosi-kodelister/kartverket/kommunenummer-alle/kartverket/2015
2016;2016;Kartverket;Utgått;29.11.2017;1;Sørøysund;;;https://register.geonorge.no/subregister/sosi-kodelister/kartverket/kommunenummer-alle/kartverket/2016
2017;2017;Kartverket;Gyldig;29.11.2017;1;Kvalsund;;;https://register.geonorge.no/subregister/sosi-kodelister/kartverket/kommunenummer-alle/kartverket/2017
2018;2018;Kartverket;Gyldig;29.11.2017;1;Måsøy;;;https://register.geonorge.no/subregister/sosi-kodelister/kartverket/kommunenummer-alle/kartverket/2018
2019;2019;Kartverket;Gyldig;29.11.2017;1;Nordkapp;;;https://register.geonorge.no/subregister/sosi-kodelister/kartverket/kommunenummer-alle/kartverket/2019
2020;2020;Kartverket;Gyldig;29.11.2017;1;Porsanger – Porsáŋgu – Porsanki;;;https://register.geonorge.no/subregister/sosi-kodelister/kartverket/kommunenummer-alle/kartverket/2020
2021;2021;Kartverket;Gyldig;29.11.2017;1;Kárášjohka – Karasjok ;;;https://register.geonorge.no/subregister/sosi-kodelister/kartverket/kommunenummer-alle/kartverket/2021
2022;2022;Kartverket;Gyldig;29.11.2017;1;Lebesby;;;https://register.geonorge.no/subregister/sosi-kodelister/kartverket/kommunenummer-alle/kartverket/2022
2023;2023;Kartverket;Gyldig;29.11.2017;1;Gamvik;;;https://register.geonorge.no/subregister/sosi-kodelister/kartverket/kommunenummer-alle/kartverket/2023
2024;2024;Kartverket;Gyldig;29.11.2017;1;Berlevåg;;;https://register.geonorge.no/subregister/sosi-kodelister/kartverket/kommunenummer-alle/kartverket/2024
2025;2025;Kartverket;Gyldig;29.11.2017;1;Deatnu – Tana;;;https://register.geonorge.no/subregister/sosi-kodelister/kartverket/kommunenummer-alle/kartverket/2025
2027;2027;Kartverket;Gyldig;29.11.2017;1;Unjárga – Nesseby;;;https://register.geonorge.no/subregister/sosi-kodelister/kartverket/kommunenummer-alle/kartverket/2027
2028;2028;Kartverket;Gyldig;29.11.2017;1;Båtsfjord;;;https://register.geonorge.no/subregister/sosi-kodelister/kartverket/kommunenummer-alle/kartverket/2028
2030;2030;Kartverket;Gyldig;29.11.2017;1;Sør-Varanger;;;https://register.geonorge.no/subregister/sosi-kodelister/kartverket/kommunenummer-alle/kartverket/2030
5001;5001;Kartverket;Gyldig;29.11.2017;1;Trondheim ;01.01.2018 00:00:00;;https://register.geonorge.no/subregister/sosi-kodelister/kartverket/kommunenummer-alle/kartverket/5001
5004;5004;Kartverket;Gyldig;29.11.2017;1;Steinkjer;01.01.2018 00:00:00;;https://register.geonorge.no/subregister/sosi-kodelister/kartverket/kommunenummer-alle/kartverket/5004
5005;5005;Kartverket;Gyldig;29.11.2017;1;Namsos;01.01.2018 00:00:00;;https://register.geonorge.no/subregister/sosi-kodelister/kartverket/kommunenummer-alle/kartverket/5005
5011;5011;Kartverket;Gyldig;29.11.2017;1;Hemne;01.01.2018 00:00:00;;https://register.geonorge.no/subregister/sosi-kodelister/kartverket/kommunenummer-alle/kartverket/5011
5012;5012;Kartverket;Gyldig;29.11.2017;1;Snillfjord;01.01.2018 00:00:00;;https://register.geonorge.no/subregister/sosi-kodelister/kartverket/kommunenummer-alle/kartverket/5012
5013;5013;Kartverket;Gyldig;29.11.2017;1;Hitra;01.01.2018 00:00:00;;https://register.geonorge.no/subregister/sosi-kodelister/kartverket/kommunenummer-alle/kartverket/5013
5014;5014;Kartverket;Gyldig;29.11.2017;1;Frøya;01.01.2018 00:00:00;;https://register.geonorge.no/subregister/sosi-kodelister/kartverket/kommunenummer-alle/kartverket/5014
5015;5015;Kartverket;Gyldig;29.11.2017;1;Ørland;01.01.2018 00:00:00;;https://register.geonorge.no/subregister/sosi-kodelister/kartverket/kommunenummer-alle/kartverket/5015
5016;5016;Kartverket;Gyldig;29.11.2017;1;Agdenes;01.01.2018 00:00:00;;https://register.geonorge.no/subregister/sosi-kodelister/kartverket/kommunenummer-alle/kartverket/5016
5017;5017;Kartverket;Gyldig;29.11.2017;1;Bjugn;01.01.2018 00:00:00;;https://register.geonorge.no/subregister/sosi-kodelister/kartverket/kommunenummer-alle/kartverket/5017
5018;5018;Kartverket;Gyldig;29.11.2017;1;Åfjord;01.01.2018 00:00:00;;https://register.geonorge.no/subregister/sosi-kodelister/kartverket/kommunenummer-alle/kartverket/5018
5019;5019;Kartverket;Gyldig;29.11.2017;1;Roan;01.01.2018 00:00:00;;https://register.geonorge.no/subregister/sosi-kodelister/kartverket/kommunenummer-alle/kartverket/5019
5020;5020;Kartverket;Gyldig;29.11.2017;1;Osen;01.01.2018 00:00:00;;https://register.geonorge.no/subregister/sosi-kodelister/kartverket/kommunenummer-alle/kartverket/5020
5021;5021;Kartverket;Gyldig;29.11.2017;1;Oppdal;01.01.2018 00:00:00;;https://register.geonorge.no/subregister/sosi-kodelister/kartverket/kommunenummer-alle/kartverket/5021
5022;5022;Kartverket;Gyldig;29.11.2017;1;Rennebu;01.01.2018 00:00:00;;https://register.geonorge.no/subregister/sosi-kodelister/kartverket/kommunenummer-alle/kartverket/5022
5023;5023;Kartverket;Gyldig;29.11.2017;1;Meldal;01.01.2018 00:00:00;;https://register.geonorge.no/subregister/sosi-kodelister/kartverket/kommunenummer-alle/kartverket/5023
5024;5024;Kartverket;Gyldig;29.11.2017;1;Orkdal;01.01.2018 00:00:00;;https://register.geonorge.no/subregister/sosi-kodelister/kartverket/kommunenummer-alle/kartverket/5024
5025;5025;Kartverket;Gyldig;29.11.2017;1;Røros;01.01.2018 00:00:00;;https://register.geonorge.no/subregister/sosi-kodelister/kartverket/kommunenummer-alle/kartverket/5025
5026;5026;Kartverket;Gyldig;29.11.2017;1;Holtålen;01.01.2018 00:00:00;;https://register.geonorge.no/subregister/sosi-kodelister/kartverket/kommunenummer-alle/kartverket/5026
5027;5027;Kartverket;Gyldig;29.11.2017;1;Midtre Gauldal;01.01.2018 00:00:00;;https://register.geonorge.no/subregister/sosi-kodelister/kartverket/kommunenummer-alle/kartverket/5027
5028;5028;Kartverket;Gyldig;29.11.2017;1;Melhus;01.01.2018 00:00:00;;https://register.geonorge.no/subregister/sosi-kodelister/kartverket/kommunenummer-alle/kartverket/5028
5029;5029;Kartverket;Gyldig;29.11.2017;1;Skaun;01.01.2018 00:00:00;;https://register.geonorge.no/subregister/sosi-kodelister/kartverket/kommunenummer-alle/kartverket/5029
5030;5030;Kartverket;Gyldig;29.11.2017;1;Klæbu;01.01.2018 00:00:00;;https://register.geonorge.no/subregister/sosi-kodelister/kartverket/kommunenummer-alle/kartverket/5030
5031;5031;Kartverket;Gyldig;29.11.2017;1;Malvik;01.01.2018 00:00:00;;https://register.geonorge.no/subregister/sosi-kodelister/kartverket/kommunenummer-alle/kartverket/5031
5032;5032;Kartverket;Gyldig;29.11.2017;1;Selbu;01.01.2018 00:00:00;;https://register.geonorge.no/subregister/sosi-kodelister/kartverket/kommunenummer-alle/kartverket/5032
5033;5033;Kartverket;Gyldig;29.11.2017;1;Tydal;01.01.2018 00:00:00;;https://register.geonorge.no/subregister/sosi-kodelister/kartverket/kommunenummer-alle/kartverket/5033
5034;5034;Kartverket;Gyldig;29.11.2017;1;Meråker;;;https://register.geonorge.no/subregister/sosi-kodelister/kartverket/kommunenummer-alle/kartverket/5034
5035;5035;Kartverket;Gyldig;29.11.2017;1;Stjørdal;;;https://register.geonorge.no/subregister/sosi-kodelister/kartverket/kommunenummer-alle/kartverket/5035
5036;5036;Kartverket;Gyldig;29.11.2017;1;Frosta;;;https://register.geonorge.no/subregister/sosi-kodelister/kartverket/kommunenummer-alle/kartverket/5036
5037;5037;Kartverket;Gyldig;29.11.2017;1;Levanger;;;https://register.geonorge.no/subregister/sosi-kodelister/kartverket/kommunenummer-alle/kartverket/5037
5038;5038;Kartverket;Gyldig;29.11.2017;1;Verdal;01.01.2018 00:00:00;;https://register.geonorge.no/subregister/sosi-kodelister/kartverket/kommunenummer-alle/kartverket/5038
5039;5039;Kartverket;Gyldig;29.11.2017;1;Verran;;;https://register.geonorge.no/subregister/sosi-kodelister/kartverket/kommunenummer-alle/kartverket/5039
5040;5040;Kartverket;Gyldig;29.11.2017;1;Namdalseid;;;https://register.geonorge.no/subregister/sosi-kodelister/kartverket/kommunenummer-alle/kartverket/5040
5041;5041;Kartverket;Gyldig;29.11.2017;1;Snåase – Snåsa;;;https://register.geonorge.no/subregister/sosi-kodelister/kartverket/kommunenummer-alle/kartverket/5041
5042;5042;Kartverket;Gyldig;29.11.2017;1;Lierne;;;https://register.geonorge.no/subregister/sosi-kodelister/kartverket/kommunenummer-alle/kartverket/5042
5043;5043;Kartverket;Gyldig;29.11.2017;1;Raarvikhe – Røyrvik;;;https://register.geonorge.no/subregister/sosi-kodelister/kartverket/kommunenummer-alle/kartverket/5043
5044;5044;Kartverket;Gyldig;29.11.2017;1;Namsskogan;;;https://register.geonorge.no/subregister/sosi-kodelister/kartverket/kommunenummer-alle/kartverket/5044
5045;5045;Kartverket;Gyldig;29.11.2017;1;Grong;;;https://register.geonorge.no/subregister/sosi-kodelister/kartverket/kommunenummer-alle/kartverket/5045
5046;5046;Kartverket;Gyldig;29.11.2017;1;Høylandet;;;https://register.geonorge.no/subregister/sosi-kodelister/kartverket/kommunenummer-alle/kartverket/5046
5047;5047;Kartverket;Gyldig;29.11.2017;1;Overhalla;;;https://register.geonorge.no/subregister/sosi-kodelister/kartverket/kommunenummer-alle/kartverket/5047
5048;5048;Kartverket;Gyldig;29.11.2017;1;Fosnes;;;https://register.geonorge.no/subregister/sosi-kodelister/kartverket/kommunenummer-alle/kartverket/5048
5049;5049;Kartverket;Gyldig;29.11.2017;1;Flatanger;;;https://register.geonorge.no/subregister/sosi-kodelister/kartverket/kommunenummer-alle/kartverket/5049
5050;5050;Kartverket;Gyldig;29.11.2017;1;Vikna;;;https://register.geonorge.no/subregister/sosi-kodelister/kartverket/kommunenummer-alle/kartverket/5050
5051;5051;Kartverket;Gyldig;29.11.2017;1;Nærøy;;;https://register.geonorge.no/subregister/sosi-kodelister/kartverket/kommunenummer-alle/kartverket/5051
5052;5052;Kartverket;Gyldig;29.11.2017;1;Leka;;;https://register.geonorge.no/subregister/sosi-kodelister/kartverket/kommunenummer-alle/kartverket/5052
5053;5053;Kartverket;Gyldig;29.11.2017;1;Inderøy;;;https://register.geonorge.no/subregister/sosi-kodelister/kartverket/kommunenummer-alle/kartverket/5053
5054;5054;Kartverket;Gyldig;29.11.2017;1;Indre Fosen;;;https://register.geonorge.no/subregister/sosi-kodelister/kartverket/kommunenummer-alle/kartverket/5054
